osm_id,osm_tip,ime,ulica,hisna_stevilka,mesto,telefon,spletna_stran,cuisine,zemljepisna_sirina,zemljepisna_dolzina
29869929,node,To Je To balkan žar,Kersnikova ulica,6,Ljubljana,+386 51 350 750,https://tojeto-zar.si/,lunch;coffee;barbecue;balkan,46.0559627,14.5040465
36937956,node,Marché Tepanje 1,Spodnje Grušovje,10,Slovenske Konjice,+386 3 757 58 16,https://www.marche-movenpick.si/sl/nase-lokacije/tepanje1,,46.3485458,15.486334
36968158,node,Autogrill,,,,,,,46.1659271,14.6893978
36980431,node,Marché Lom II – vzhod,Notranjska cesta,73,Logatec,+386 1 750 84 33,https://www.marche-restaurants.si/sl/nase-lokacije/lom2,,45.8991714,14.2565263
46847714,node,Gostilna Rožnik,,,,,,regional,46.055849,14.4768735
53407830,node,Pivnica Kratochwill,,,,,,,46.0646646,14.5435475
71572545,node,Hotel Evropa,Krekov trg,4,Celje,,https://www.hotel-evropa.si/,,46.2284371,15.2662296
94176144,node,Gostilna Blegoš,,,,,,,46.1580348,14.1778129
98014695,node,Okrepčevalnica Ribiški dom,Cesta na Jezero,7b,Velenje,,https://www.ribiski-dom-velenje.si/,,46.3737657,15.1036832
98808000,node,Restavracija Jezero,Cesta Simona Blatnika,24,Velenje,+386 (0)3 586 64 62,https://gorenjegostinstvo.si/restavracije/restavracija-jezero/,regional,46.3689976,15.0929656
99080953,node,Vila Herberstein,,,,,http://www.vilaherberstein.si/,regional,46.358136,15.1212902
132383901,node,Marché Tepanje 2,Spodnje Grušovje,10a,Slovenske Konjice,+386 3 757 58 23,https://www.marche-movenpick.si/sl/nase-lokacije/tepanje2,,46.3477625,15.4884639
139839191,node,Polna Skleda,,,,,,,46.0523423,14.4526803
145008890,node,Kaval,Tacenska cesta,95,Ljubljana,,http://www.kaval.si,,46.1081624,14.4611179
175760784,node,Letni Vrt,Trg golobarskih žrtev,1,Bovec,+386 05 3896 383,http://slo.letni-vrt.com/,regional,46.3380035,13.5521918
248926975,node,Slovenska hiša - Figovec,Gosposvetska cesta,1,Ljubljana,,,regional,46.0545021,14.5041048
249175349,node,Piazza,,,,,,,46.0644263,14.503198
252493393,node,Plaža,,,,,,,46.3011603,14.5263809
258863919,node,Koča,,,,,,,46.5162326,15.5794235
260566999,node,Ljubljančanka,,,,,https://ljubljancanka.si/,local;slovenian,46.0513972,14.505009
261039443,node,Balthazar,,,,,,,46.0501679,14.5058912
265522866,node,Gostilna Mojmir,Ratece,88,Ratece - Planica,+386 4 5887222,https://www.gostilna-mojmir.si/,regional,46.4975231,13.7122055
265532997,node,Gostilna Pri Boštjanu,Križna Gora,8a,,041720446,,,46.197947,14.2759574
265564038,node,Ošterija Pr'Noni,Cesta v Gorice,1,Ljubljana,+386 1 2425820,https://www.prnoni.si/,,46.0344245,14.4626182
267702517,node,Izletniška kmetija Koren pri Korošcu,,,,,,,46.6156031,15.5640468
271624326,node,Meduza,,,,,,,45.5134827,13.5884979
274947512,node,Arkada,,,,,,,45.9870569,14.5698959
279021125,node,Pri starem kovaču,Spodnji Slemen,96,Selnica ob Dravi,+386 41 477 620,http://www.pristaremkovacu.si/,regional,46.5850903,15.5221189
281262177,node,Žunko,,,,,,,46.5715744,15.5595932
282963986,node,Okrepčevalnica Jurček,,,,,,,46.6195071,15.4299728
283061734,node,Porta Marciana,,,,,https://portamarciana.si/,mediterranean;italian;pizza,45.5264694,13.569345
283293176,node,Center Restaurant,,,,,,,46.276619,13.8875469
283293222,node,Okrepčevalnica Slap Voje,,,,,,,46.329343,13.8782195
286572058,node,Gostilna Franc,,,,,https://www.mangiareinslovenia.eu/gostilna-franc.php,,45.761195,13.9084359
290510227,node,Okrepčevalnica Jelka,,,,,,,46.5347213,15.2651186
290510229,node,Okrepčevalnica pri Vidi,,,,,,,46.5353439,15.2675003
291184218,node,Gostilna Milenium,,,,,,,46.4906935,15.6212573
293636163,node,Pizzeria Pomodoro,Betnavska cesta,13,Maribor,+386 2 320 4466,https://pomodoro.si/,pizza,46.5495811,15.640849
299530422,node,Gostilna Risnik,Kraška cesta,34,Divača,,,,45.6816899,13.9687679
301061790,node,Park,,,,,,seafood;mediterranean;pizza,45.5464295,13.725717
304480589,node,Astoria,Slovenska ulica,2,Maribor,,,italian,46.5604581,15.648152
304889337,node,Okrepčevalnica dom Pečke,Log,205,,,,,46.5227824,15.5408436
305949689,node,Jack & Joe Steak and Burger Club,Ob bregu,20,Maribor,+386 51 370 621,,steak_house,46.5574296,15.6377356
309486143,node,Šport hotel Areh,,,,,,,46.4963441,15.507035
310931725,node,Okrepčevalnica Sgerm,,,,,,,46.5229318,15.3722605
313383856,node,Počitniški dom Partizanka,Legen,168,Slovenj Gradec,,,,46.513983,15.1824401
313396517,node,Sokol,Ciril-Metodov trg,18,Ljubljana,+38614396855,https://www.gostilna-sokol.com/,regional,46.0502788,14.5075158
313396571,node,Abcdarium,Ribji trg,2,,014269514,,,46.0503649,14.5059387
313396610,node,Novi Šang Hai,,,,,,chinese,46.0508467,14.5120218
331985364,node,pri Cunarju,,,,,,,45.6648528,14.289144
345846432,node,Okrepčevalnica pod Mucovo pečino,Smolnik,49,,,,,46.5300054,15.4994554
364769898,node,Turistična kmetija Štern,,,,,,regional,46.4690276,15.5814664
381333912,node,Bolfenk,,,,,,,46.5139489,15.5770728
388389924,node,Marché Lom I – zahod,Notranjska cesta,71,Logatec,+386 1 750 84 16,https://www.marche-restaurants.si/sl/nase-lokacije/Lom1,,45.8973453,14.2550279
416938691,node,Holcer,,,,,,,46.5029162,15.2106977
426728880,node,Akrep.pri MARJOTU Bizjak Izidor,,,,+386 5 3041029,,regional,46.0102599,13.5626263
429323500,node,Gostišče Meglič,Ranče,15,,+386 2 6089304,,,46.467774,15.6073662
442285022,node,Planinc,Razvanjska cesta,32,,+386 2 3317554,,,46.5172516,15.634483
443118679,node,Promenada,Petkovškovo nabrežje,9,Ljubljana,+386 40 516 308,https://restavracija-promenada.si/,regional;pizza,46.051703,14.5075625
443118684,node,Gostilna Dubočica,Zaloška cesta,31,Ljubljana,+386 51 606 080,https://dubocica.si,,46.0548108,14.5301811
443419946,node,Kitajski Dvor,Dunajska cesta,29,Ljubljana,+386 1 436 42 45,www.kitajskidvor.si,chinese,46.0620856,14.5075504
443419951,node,Ljubljanski Dvor,Dvorni trg,5,,+386 1 251 65 55,https://povezujemo.si/gostilna-in-pizzeria-ljubljanski-dvor,pizza,46.0492745,14.5050062
450167003,node,Barbarella BTC Bistro,Šmartinska cesta,152,Ljubljana,,https://barbarella-go.si/,,46.0654113,14.5439223
451759809,node,Gostilna Turšič,,,,,,,45.963857,14.2907819
451759811,node,Cankarjev hram,Ljubljanska cesta,1,Vrhnika,,www.gostilnevrhnika.si,,45.9669757,14.2984948
451759813,node,Boter,Tržaška cesta,6,Vrhnika,+386 1 750 41 00,https://gostilna-boter.si/,regional;pizza,45.9644593,14.2973821
452064496,node,Rečnik,,,,,,,46.490293,15.6100553
452615185,node,Gostilna Labore,,,Kranj,,,,46.230525,14.3541767
452615187,node,Gostilna Benedik,Benedikova ulica,21,Kranj,,,,46.2331831,14.339575
457597830,node,Kores,,,,,,,46.5523333,15.4204927
468486735,node,Gostišče Kapušin,Krasinec,55,Gradac,+386 (7) 369 91 50,https://gostilna-kapusin.si/,,45.5893547,15.2772842
481241950,node,La Cantina - Pod Pohorjem,Pohorska ulica,60,,+386 2 614 5614,http://www.la-cantina.si/,italian,46.5332088,15.5995499
481355290,node,Bistra,Bistra,2,Borovnica,+386 1 750 57 42,http://www.b-bistra.si/,regional,45.948121,14.3332582
487127242,node,Pizzeria Sončnica,,,,,,,45.9811454,14.3116475
492169823,node,Pizzarija Chaplin,,,,,,pizza,46.5028186,15.7017772
496101966,node,Favola,,,,,,italian,46.0781698,14.5120421
510632077,node,Interspar Restavracija,,,,,,,46.2415064,15.2781664
524593199,node,Sushimama,Wolfova ulica,12,,,https://sushimama.si/,sushi,46.0507584,14.5050947
526230447,node,Mesto Hong Kong,Litijska cesta,28,Ljubljana,+38616207718,https://lakomlacen.si/halo-hong-kong/menus,chinese,46.0477832,14.5418533
526231155,node,Pizzerija in špageterija Oliva,Litijska cesta,38,,,,pizza;pasta,46.0474264,14.5454573
528086878,node,Kmetija odprtih vrat Pr'Železnk,,,,,,regional,46.4598326,13.9398548
528086920,node,Pizzeria Kot,,,,,,pizza,46.4606182,13.9385607
530812753,node,Argentino,Šmartinska cesta,152,Ljubljana,,,argentinian,46.0618714,14.5457495
530812785,node,Chang,,,,,,chinese;japanese,46.0687829,14.5418893
534284285,node,Pizzeria Maraton,,,,,,pizza,46.4866533,13.8044705
534398981,node,Gostilna Korte,,,,+386 5 6420200,https://gostilnakorte.si/,,45.4884568,13.6567246
534398982,node,Gostilna Hiša Torkla Korte,,,,+386 5 6209657,https://www.hisa-torkla.si/,,45.4888426,13.6567678
538500872,node,Harmonija,,,,,,,46.1645548,14.5656724
540387003,node,Gostilna pri Kuklju,,,,,,regional,45.8335545,14.6362903
541010768,node,Planja,,,,,,pizza,46.453194,15.3321941
568569168,node,Ošterija Na Planinci,,,,+386 40 508811,,regional,45.651131,13.9846429
588850255,node,Gostilna Čubr,,,,,,regional,46.1998034,14.5634378
598161049,node,Pizza na i,Radgonska cesta,25,Radenci,,,pizza,46.6415732,16.0403324
613570411,node,Domačija Vrbin,,25,Divača,+386(0)5 763 10 65,https://www.vrbin.si/,regional,45.6500434,13.97515
618767122,node,LiPA,,,,,,,46.2478411,13.5775243
618767124,node,Topli val,Trg svobode,1,Kobarid,,,fish,46.2476216,13.5783394
618767126,node,Kotlar,,,,,,fish,46.2477228,13.5794439
618767133,node,Pizzeria Soča,Markova ulica,10,Kobarid,,,pizza;ice_cream;italian;pasta,46.2478167,13.5783335
622099593,node,Restavracija Pri Lisjaku,Čeple,29b,Vransko,+386 3 5725 785,,,46.2427599,14.9737948
645022196,node,Meranovo,,,,,http://fk.uni-mb.si/meranovo/,regional,46.538112,15.5571186
674143646,node,Gostilnica Vinka,Dunajska cesta,145,Ljubljana,+3861519 43 15,,,46.0804028,14.5125312
677024834,node,Izletniška kmetija Krampl Janč,,,,,,,46.6066152,15.6029945
677024895,node,Gostišče Vračko,,,,+386 2 6564311,http://www.gostiscevracko.si/,,46.6472642,15.5696678
683572268,node,Gostilna pri Žerjavu,,,,,,regional,46.4978932,13.7164621
692732778,node,Gostilna Ravbar,,,,,,regional,45.7258629,13.8130536
693615214,node,Gostilna Dobnikar,,,,,,,46.0923292,14.3697467
693615263,node,Vaška krčma,,,,,,,46.0933125,14.370639
693615301,node,Gostilna na Vihri,Topol pri Medvodah,10,Medvode,,,,46.0960042,14.3725
693615353,node,Pr'Jur,,,,,,,46.0962434,14.3733393
700166612,node,Penzion Kračun,Slomškova ulica,6,,,,,46.3006775,15.5022441
705249064,node,Guliver,Brdce,62,Dol pri Hrastniku,+386 3 564 91 70,https://pizzerijaguliver.si/,pizza,46.1402712,15.1560752
706353268,node,Cojzarica,,,,,,,46.501853,15.4800961
707125775,node,Picerija Punta,,,,,,pizza,45.5303388,13.5651687
710392344,node,Zasavski gurman,Planinska cesta,11,,,,pizza,46.1396806,15.1168519
727450385,node,Pizzeria Rustika,,,,,,pizza,46.3712844,14.1042756
727450399,node,Gostilna Murka,,,,,,regional,46.371684,14.1047589
727487763,node,Gostilna Pri Ingliču,,,,,,,46.16881,14.3049145
727487765,node,Jesharna,,,,,,,46.1663559,14.3061771
727734114,node,Grajska Gostilinca,,,,,,,46.3426276,14.1727885
727734122,node,Gostilna Avguštin,,,,,,,46.3408646,14.1748686
741529760,node,Žohar,,,,,,,46.6285356,15.2135199
761574592,node,Pr' Brodarju,,,,,,,46.0965231,14.1549604
763456078,node,Alpska Perla – Smučarski center Cerkno,Gorenji novaki,80,,,,,46.1624124,14.0595059
766845716,node,Paninoteka,Jurčičev trg,3,Ljubljana,,,,46.0484516,14.5052112
768553384,node,Ošterija Žogica,Soška cesta,52,Solkan,,http://www.zogica.com/,regional;pizza;burger,45.9801092,13.6548195
770197259,node,Bar in restavracija Špica,Cesta svobode,9,Bled,+386 4 5743027,https://www.restavracija-spica.si/,local,46.369932,14.1073073
770204203,node,Kavarna Park,Cesta svobode,10,Bled,,,,46.3675857,14.1086173
770226725,node,GOSTILNA UNION,,,,,,,46.368309,14.1133672
770243077,node,Pizzeria Gallus,,,,,http://www.pizzeriagallus.si/,pizza,46.3664162,14.1085702
771319383,node,Koča Kaštivnik,,,,,,,46.5260096,15.1782076
772335005,node,Marché Voklo I – Zahod,Gasilska cesta,57,,+386 4 251 14 32,https://marche-restaurants.si/sl/nase-lokacije/voklo1,,46.2279137,14.4198977
773211824,node,Perla,,,,,https://www.antaro.si/perla/,pizza;regional,46.0628427,14.5586382
774085238,node,Pizzeria Matiček,Vurnikov trg,3,Radovljica,,,pizza,46.3444247,14.1738462
776439887,node,Pizzerija Pod gradom,Koroška cesta,26,Tržič,,,pizza,46.3657092,14.3099988
778224322,node,Izletniška kmetija Landfrid,Brezni Vrh,14,Podvelka,,,,46.6458009,15.317173
778608911,node,Jenezinovi,,,,+386 5 7147128,www.jenezinovi-sp.si,regional,45.6185221,14.2017402
790539643,node,Turistična kmetija Pšenk,,,,,,regional,46.1446109,14.8759278
811062903,node,Restavracija Ribnica,,,,,,,46.533199,15.2663338
811062954,node,Restavracija Ribnica,,,,,,,46.533445,15.266668
831957945,node,Viharnik,,,,,,,46.2636182,13.8409949
842901084,node,Gostilna Martin,Partizanska cesta,49,,,,regional,46.1488034,15.0504259
847070510,node,Vivaldi,,,,,,pizza,46.5373025,15.6240099
855238077,node,Restavracija Zaka Camping Bled,,,,,,,46.3618434,14.0815644
861696857,node,Smogavec,,,,,,regional,46.4032825,15.3917306
867379558,node,Cafe Romeo,Gallusovo nabrežje,,Ljubljana,,http://www.caferomeo.si/,mexican;pasta;salad;pancake;cocktail,46.0479374,14.5060038
867379562,node,Restavracija Vodnikov Hram,Vodnikov trg,2,Ljubljana,,https://www.vodnikov-hram.si/,regional,46.0506389,14.509924
869388720,node,Mubar,,,,,,,46.3379247,13.9621068
882450515,node,Flaj Bar & Snack,Vrtnarija,3,Vrhnika,,https://lakomlacen.si/mehiska-restavracija-flamingo/,burger;pizza;mexican,45.9734215,14.3028558
882450532,node,Gostilna Simon,,,,,,,45.9681053,14.2988025
885376313,node,Slender - KolpaRaft,,,,,https://www.kolparaft.com/,regional,45.4929582,15.0184596
913944325,node,Pri Čukovih,,14,Kozina,+386 41 504456,https://pricukovih.si/,regional,45.6147383,13.9059253
914028020,node,Restavracija Manna,,,,,https://www.restavracija-manna.si/,,46.0433547,14.5051109
935843529,node,Čujež,,,,,https://okrepcevalnicacujez.si,,46.3240837,14.9221408
949555434,node,Kitajski vrt,Vodnikova cesta,240,Ljubljana,+386 1 5071215,https://www.kitajski-vrt.com/,chinese,46.0800999,14.4729682
949555440,node,Bocaccio,,,,,,,46.0807698,14.4788666
958131931,node,Rožmarin,Gosposka ulica,8,Maribor,+386 2 23 43 180,https://www.rozmarin.si/,,46.5580181,15.6468825
981318732,node,Turistična kmetija Mori,,,,,,,46.6189384,15.0365573
1043476386,node,Restavracija Marina,,,,,,fish;mediterranean,45.505738,13.5972865
1078319449,node,Na Skednju,,,,00386 40 496201,,regional,46.0646023,13.5722759
1091450135,node,Manche,,,,,,,45.8412313,15.2175255
1096883853,node,Vinogradništvo Leber,,,,,,home grown,46.671203,15.6196957
1130862900,node,Al Cavallino,,,,,,pizza,45.7078608,13.8710504
1144596352,node,Dovnik,,,,,,,46.44854,15.5262979
1177088634,node,Restavracija 13,Podvelka,13,,,,,46.590208,15.3306504
1197933642,node,Gostilna in pizzeria JURMAN,Zaloška cesta,151,Ljubljana,+386 51 358358,https://www.jurman-sp.si/,pizza;regional,46.0565125,14.5567555
1201378038,node,Ancora,Jurčičeva ulica,7,Maribor,+386 2 2502033,https://www.ancora-mb.si/,italian,46.5592431,15.6473367
1224502443,node,Gala žar,Loška ulica,10,Maribor,,,serbian,46.5567577,15.6499168
1227014052,node,"Bife ""Zajnadler""",,,,,,pizza;burger,46.6094017,15.1624264
1236427944,node,Pizzerija zlati škorpijon,Srparska pot,36,Lovrenc na Pohorju,,,pizza,46.5405459,15.3994363
1241772295,node,Barjan,,,,,,,46.036161,14.488946
1244007394,node,Meating pub & restavracija,Mlinska ulica,2,Maribor,+ 386 7 067 8678,http://meating.si/,,46.5603259,15.6554368
1250922936,node,Shambala,Križevniška ulica,12,,+386 31 843833,https://shambala.si,,46.0463946,14.5044226
1254611138,node,Gostilna Spark,Partizanska cesta,82,Sežana,,,italian;pizza;regional,45.7060973,13.8597425
1277995582,node,Pizzeria Papirus,Pot v smrečje,1,Ljubljana,01 561 34 60,,pizza,46.1093417,14.5276281
1279133315,node,Brunarica Slap,,,,+386 5 3808065,http://brunarica-slap.com/index.php?lng=slo,regional,46.2139327,13.9849474
1282707784,node,Rožna kuhna,Svetčeva ulica,9,Ljubljana,,https://www.stud-dom-lj.si/bivanje-v-sdl/restavracija-in-bar/,,46.0516433,14.4876077
1290961256,node,Okrepčevalnica Mojca,Dolenjska cesta,43,Ljubljana,,,pizza;regional;coffee_shop;sandwich;ice_cream,46.0357754,14.5249261
1293785045,node,Marjetica,,,,,https://www.marjetice.si/,regional,46.0483783,14.4936565
1316443736,node,Turistična kmetija Gaube,Jareninska cesta,51,,+386 2 6510481,,,46.6654829,15.6848179
1338645897,node,Gostilnica in pizerija Pri Naju,Ulica 1. maja,5,Sežana,+386 5 7344363,,pizza;regional,45.7073561,13.8710209
1339589274,node,Restavracija Boem Beli Križ,Belokriška cesta,68,,,,,45.5201987,13.5810858
1363485026,node,Tom-Yum,Ključavničarska ulica,2,Maribor,+38626203544,https://www.facebook.com/tajska.restavracija.tom.yum/,thai,46.5572967,15.6479486
1363498753,node,Okrepčevalnica Baščaršija,Poštna ulica,8,Maribor,+386 2 250 6359,https://www.bascarsija.si/,bosnian,46.5583493,15.6448828
1366009736,node,Carat,,,,+386 5 7314422;+386 41 827609,http://www.safir.si/,regional,45.702121,13.842588
1369329094,node,Puccini,,,,,,pizza,46.0653561,14.5498978
1385274704,node,Restavracija ETRA,,,,,,regional,46.2415126,15.3034349
1398398100,node,Hotel Rakitna,Rakitna,150,Preserje,,,,45.8870974,14.4333112
1400413211,node,Gostinsko podjetje Ljubljana,Dunajska cesta,270,Ljubljana,,https://www.laguna.si/,pizza,46.0976609,14.5191217
1400477536,node,Pizzerija Ham-Ham,Pot v dolino,37b,Ljubljana - Dobrunje,+38615429359,,pizza,46.0317357,14.5679585
1430154910,node,Briška hiša,,,,,,regional,45.9971529,13.5816949
1430916549,node,Pri Ambroževih,,,,,,regional,45.6399956,14.0518178
1433250458,node,Gostilna Brdavs,,,,,,,45.8480322,14.6951866
1438986468,node,Pizzeria & restaurant Pigal,,,,,,regional;pizza,45.8862879,13.9055867
1452112958,node,Pizzeria Marina,,,,,,italian,45.5497113,13.727888
1452113195,node,Skipper,,,,,,,45.5498702,13.7272955
1473005393,node,Bistro Štorja,Ulica 1. maja,1,Postojna,+386 0 59 92 78 98,https://bistrostorja.si/,regional,45.7743844,14.2143832
1489716063,node,Okrepčevalnica Reš,Brezno,79,Podvelka,,,,46.5921565,15.3184499
1497527467,node,Bajta,,,,,,,46.612711,15.2197976
1525418694,node,Picerija Pri Andreju,Drnovk,21,Dobrovo v Brdih,+386 31 268153,,,46.0014358,13.5191525
1535233250,node,Šestica,Slovenska cesta,40,Ljubljana,,,regional;pizza,46.053284,14.5041193
1540777380,node,Gostilna Pri mlinu,Dolenja vas,5,Senožeče,+386 5 7656120;+386 41 639040,,regional,45.7315597,14.0117298
1640456993,node,Dilema,,,,,,,45.5306333,13.7320714
1640565163,node,Okrepčevalnica Mašinžaga,,,,,,,46.4647949,15.3336572
1641835687,node,Jadranka,Ulica Dragomirja Benčiča-Brkina,1,Kozina,+386 5 6800450,,seafood,45.6051518,13.9472719
1657755349,node,Gitadela,Pševska cesta,43,Kranj,,https://gitadela.si/,pizza,46.2314363,14.3374406
1666634271,node,Kavarna Q,Gorkega ulica,45,Maribor,,,american,46.550171,15.6387568
1671601809,node,Kitajska restavracija Peking,Gregorčičeva ulica,19,Maribor,,,chinese,46.5609763,15.645319
1689124343,node,Kobanka,,,,,,pizza,46.5555426,15.5109129
1701698121,node,Pri Matevžu,Partizanska cesta,16,Maribor,,,,46.5603193,15.6532224
1701698130,node,Kitajska restavracija Zvezda,Loška ulica,10,Maribor,,,chinese,46.5568464,15.6500302
1703332376,node,Postojna Cave Rooms & Apartments Proteus,Titov trg,1,Postojna,,https://www.postojnska-jama.eu/,,45.7754543,14.2125838
1705674945,node,Zdolšek,,,,,,regional,46.2517557,15.474882
1706017524,node,Verdi,,,,,,,45.5293284,13.5671646
1709917178,node,Florjan Kavarna,Grajski trg,6,Maribor,,,,46.5600997,15.6484543
1711679113,node,Pavel Piran,Gregorčičeva ulica,3,,,,fish;regional,45.5289753,13.5655827
1716115959,node,Oliva,,,,,,italian,46.6351568,15.6200356
1716375888,node,Okrepcevalnica Lipa,Hruševlje,24,Dobrovo v Brdih,,,regional,46.0224986,13.5136038
1725617806,node,Furman guest house pizzeria,Partizanska cesta,1,Rakek,,,italian,45.813612,14.3155224
1749513406,node,Gostilna Nimis,,,,+386 51 339 429,,regional,45.5185516,13.7784932
1754638814,node,Gregori,,,,,,,46.0865951,14.4829628
1755985200,node,Petkovšek,,,,,,,45.9895498,14.5661283
1756072925,node,Krpan,Ob Ljubljanici,24,Ljubljana,,https://gostilna-krpan.si/,fish,46.0539136,14.5304549
1781473656,node,Pizzerija Ašič,Pečarjeva ulica,1,,,http://www.picerija.net/asic.htm,pizza,46.1319394,14.9945344
1781473658,node,Pizzerija Tik Tak,Cesta zmage,35b,Zagorje ob Savi,,http://www.picerija.net/tiktak.htm,pizza,46.1315174,14.9965148
1784173197,node,Restavracija Harfa,Koprska ulica,98,,,,regional,46.0337667,14.4827217
1785463574,node,Gostilna Pri Žabarju,Viška cesta,48,Ljubljana,,,regional;ice_cream,46.0422222,14.4689493
1787518300,node,Pizzeria in špageterija da Mattia,Kidričeva ulica,10a,Trzin,,,italian,46.1281776,14.5577109
1792835863,node,Opera bar,,,,,,fish,46.0529329,14.5016043
1796759030,node,Moskva,,,,,,,46.3612421,14.154225
1796759035,node,Pr' Majdnek,,,,,,,46.3620531,14.1573056
1800552080,node,Kurej,Blejska cesta,6,Bled,+386 83 805 488,https://www.facebook.com/gostilna.kurej/,,46.3886746,14.1076447
1800560706,node,Central Bled,,,,,https://restavracija-central.si/,,46.3676358,14.1117801
1800560707,node,Gostilna Pri planincu,,,,,,pizza;regional,46.371605,14.1062575
1801887211,node,Panorama,,,,,,,46.3664266,14.1079022
1801911386,node,Pri Matičku,,,,,,,46.2892313,14.0027513
1826949885,node,Gostilnica Mandrija,,,,+386 41 752584,https://www.mandrija.si/,,45.9384971,13.6990749
1828890554,node,Breza,,,,,,,46.0627564,14.563394
1833003328,node,Foglež,,,,,,pizza,46.4995932,15.7015668
1842617298,node,Gostilna pri Dragici,,,,+386 5 7346080,http://www.gostilnapridragici.si/,regional,45.7090181,13.8729855
1847525373,node,Restavracija Interspar,Pobreška cesta,18,Maribor,+386 2 320 8418,https://www.spar.si/restavracija-interspar,,46.5544623,15.6528571
1847525375,node,123 Restavracija,,,,,,,46.5400977,15.6403548
1857622443,node,Pizzerija in špageterija Trenta,,,,,,pizza,46.3804856,13.7519227
1859061873,node,Gostilna Bric,,120,Miren,+38653954420,https://www.mirenkras.si/gostilna-bric;https://www.facebook.com/pages/Miren-Gostilna-Bric/1578635342416803,regional,45.8937071,13.6087033
1859080424,node,Gostilna Pri Prleku,,5,Kostanjevica na Krasu,,,,45.8413499,13.609041
1859176876,node,Kamp Klin,Lepena,1,Soča,+386 5 388 95 13,https://www.sloveniaholidays.com/kamp-klin-lepena-soca.html,,46.3299189,13.6442127
1859269948,node,Gostilna Makorič,,31,Miren,,,regional,45.8910695,13.6126262
1859271000,node,Gostilna M&S,,149a,Renče,+386 5 9344601;+386 5 9344602,https://www.kogoj.si/si/gostilna,regional,45.896346,13.6446999
1859323067,node,Gostilna Tabor,,,,,,,45.8283835,13.6712074
1868355285,node,Gostilna Poštela,Ulica Roberta Kukovca,22,Maribor,+386 2 3204303,http://www.postela.si,regional,46.5341425,15.6270065
1870519822,node,Paquito,,,,,,,45.9053078,13.6767225
1872981524,node,Gostilnica Štrud'l,Triglavska cesta,23,Bohinjska Bistrica,+38641541877,https://www.strudl.si/,regional,46.2726207,13.9530364
1877642310,node,Gostilna Godec,Paplerjeva ulica,12,Borovnica,,www.gostilnevrhnika.si,pizza,45.9163837,14.3652112
1889591702,node,Restavracija Radvanjska Idila,,,,,,,46.5383882,15.6051678
1916812179,node,Špes,,,,,,,46.455876,15.1971051
1917610791,node,pizzeria Pergolo,,,,,,,45.5547061,13.7935575
1928921611,node,Brgod,,,,,,regional,45.5814064,13.9351744
1939637392,node,Nelli,Vavta vas,4a,Straža,,,pizza,45.7815739,15.0791862
1939815331,node,Lipa,,,,,,regional,45.9298261,13.6397015
1940034562,node,Pod Smrekco,,2,Straža,+386 7 384 75 88;+386 40 161 167,https://www.podsmrekco.si,regional,45.7879114,15.1144798
1940276095,node,Gostišče Račka,Ulica Maksa Henigmana,15,Dolenjske Toplice,,,regional,45.7566069,15.0609621
1940276449,node,Oštarija Herbelier,,,,,,regional,45.7558182,15.0593892
1948671973,node,Gostilna in picerija Mavče,,69,Mavčiče,+386 41 581 327,https://www.malcajt.com/gorenjska/kranj/gostilna-in-pizzerija-mavce.html,pizza,46.1880034,14.4039533
1950340768,node,Gostišče pri Županu,,,,,,,46.0572238,14.1094692
1961356947,node,Apetit okrepčevalnica - catering,,,,+386 5 7304785,,,45.7059798,13.8673024
1969699756,node,Julija,Stari trg,9,Ljubljana,+386 1 4256463,https://julijarestaurant.com,italian;regional,46.0479471,14.5062798
1970827629,node,Penzion Kmečki Hram,Tomačevska cesta,50,Ljubljana,,https://www.kmeckihram.si/,regional,46.0787422,14.5363385
1988606077,node,Gostilna in pizzerija prj Martini,Trg maršala Tita,7,Tolmin,,,italian,46.1830988,13.7327103
1990713596,node,Izletniška kmetija Jager,Straža na Gori,7,,,,,46.2956135,15.3920668
1991184528,node,Dolina pod Brlogo,,,,,,,46.6755137,15.6432728
2032792436,node,Gostilna Šmuc,Ulica Mirka Pirca,4,Sežana,+386 (0) 31018681,http://www.gostilnasmuc.si,,45.7087458,13.873006
2042648398,node,MoySushi Sushi bar & Take away,Mestni trg,17,Ljubljana,,https://www.moysushi.si/,japanese,46.0489519,14.5061918
2052835104,node,Antaro,,,,,,regional,46.0629636,14.5602425
2052835105,node,Restavracija 123,,,,,,regional,46.0624547,14.550171
2109848232,node,Bandima,,,,+386 59767397,,,45.5789073,13.7375879
2116433751,node,Pizzerija Plus,Jamnikova ulica,2,,,,pizza,46.5404292,15.5149641
2116448935,node,Taverna Sicilia,Ulica heroja Nandeta,31,,+386 2 426 03 15,http://www.taverna-sicilia.com/,pizza,46.5325336,15.6731965
2139228388,node,Okrepčevalnica Center,,,,,,regional,45.7086342,13.8725186
2144991411,node,Element,,,,,,,46.0982149,14.5347112
2154876112,node,Kim-Vi,CESTA POD GORO,22,,,https://www.kim-vi.com/,pizza,45.9268161,14.3678565
2180430891,node,Pizzeria Diavolo,,,,,,pizza,46.242612,15.2771376
2181811290,node,Pr' Betanci,,,,,,,45.666904,13.9937809
2184358531,node,Pizzeria Zala,Knežak,209,Knežak,,,,45.6274084,14.235965
2218522907,node,Aida,,,,,,pizza,46.2488102,14.9896124
2244936463,node,Štorklja,,,,,,,46.053418,14.5227881
2282136125,node,Restavracija Jasna 2,,,,,,regional,45.5814466,13.7637125
2283257698,node,Gostilna Mihovc,,118,Bohinjsko Jezero,,https://www.gostilna-bohinj.si/,regional,46.2887408,13.8946697
2287940533,node,Gostilna Ukmar,,61,Dutovlje,+386 41 24 93 32,https://gostilna-ukmar.si/,slovenian;mediterranean,45.7561505,13.8322939
2316542956,node,Pizzerija Pri Slovenc,Pšata,,Dol pri Ljubljani,,https://www.prislovenc.com/,pizza,46.0996089,14.6001804
2321137527,node,Saloon steak house,,,,,,,46.508498,15.0366928
2321336486,node,Gostilna in pizzerija Feniks,Pod javorji,6,Komenda,,,,46.1913007,14.5209545
2321336490,node,Okrepčevalnica Klanc,Klanec,38,Komenda,,,,46.2140752,14.5280545
2321336491,node,Okrepčevalnica Prestige,Pod lipami,4,Komenda,,,,46.1911846,14.519507
2327707697,node,Gostilna Mirje,Tržaška cesta,5,,,https://restavracija-mirje.si/,italian,46.0468302,14.4939012
2327714499,node,Foculus,Gregorčičeva ulica,3,Ljubljana,+38614219295;+38612515643,https://foculus.si/,pizza,46.0479127,14.5022012
2327900902,node,Gostilna Danica,Triglavska cesta,60,Bohinjska Bistrica,,,,46.2742546,13.9482967
2329737252,node,Gostilna picerija Grill,,,,,,,45.5703812,14.2350024
2330992362,node,Gostilna Valenčič,,,,,,regional,45.6329608,14.1516787
2341267838,node,Gostilna Babnik,Trpinčeva ulica,73,Ljubljana,,,,46.049351,14.5633975
2347696002,node,Okrepčevalica Tolminska Korita,Zatolmin,66a,Tolmin,+386 41 916 152,http://www.tolminska-korita.si/,,46.1972551,13.7393707
2356196476,node,Grajska Plaža,,,,+386 69 794 910,https://www.grajska-plaza.com,,46.3693534,14.1025672
2366188745,node,Gostilna Park,,,,,,,45.5256255,13.5684078
2366188753,node,"Okrepčevalnica ""Cantina"", Klet",Prvomajski trg,10,,,,seafood,45.5295162,13.565875
2366188761,node,Neptun,Župančičeva ulica,7,,,,,45.5272223,13.568959
2384484206,node,Gostilna Bigman,Klek,32,Trbovlje,,,,46.1606642,15.0417006
2385426868,node,Kajuhov dom,,,,,,pizza;regional,46.3773456,15.0480587
2391999191,node,Ošven,Uršlja gora,7A,Kotlje,+386 2 8222897,,,46.5000631,14.9576132
2396026045,node,Apetit,,,,,,,46.0817289,14.4972365
2416792637,node,Gostilna Lokve,,23,Trnovo pri Gorici,+386 41 673 546;+386 41 394 450,https://www.gostilna-lokve.si,regional,46.0117126,13.7920925
2429372692,node,Gostilna Na Ravni,,,,,,regional,45.7361428,14.0516519
2429441488,node,Gostilna s prenočišči Pino,Dolenja vas,50,Senožeče,,,,45.7378344,14.0213701
2431159359,node,Ejga,,,,,,regional;pizza;burger,46.436762,14.0532023
2431192983,node,Turistična kmetija Pri Damjanu,,,,,,regional,45.6136607,13.9883552
2431192984,node,Turistična kmetija Pri Filetu (Katzenfarm),,,,,,regional,45.6145456,13.9842613
2438769292,node,Pri Mateju,,,,,,regional,46.6015012,15.6317415
2444492294,node,Gastolina C A H Pr. Feličeta,,,,,,regional,45.5436616,13.8481965
2459289678,node,Turistična kmetija Petelin-Durcik,,,,,,regional,45.7747815,13.7841874
2460658295,node,Marché Voklo II – Vzhod,Gasilska cesta,53,,+386 4 251 60 40,https://www.marche-restaurants.si/sl/nase-lokacije/voklo2,,46.2267031,14.4247979
2465279195,node,Rostelin,Gallusova ulica,2,,,,pasta,45.5295588,13.5660527
2468858592,node,Picasso,Strossmayerjeva ulica,5,Maribor,,,,46.5590265,15.6414515
2476370197,node,Picerija Etna,Kolodvorska ulica,3a,Divača,+386 5 7630052,https://www.etna.si/,pizza;regional,45.6820818,13.967284
2476959347,node,Zlati lev,Vodnikov trg,4,Maribor,,,,46.5580553,15.6408956
2478056855,node,Pizza33,,,,,,italian,45.5462068,13.7088429
2492466324,node,Al Mulin Norbedo,Sermin,19,Koper-Capodistria,,,,45.5581851,13.7833866
2495134238,node,Lovski rog,,,,,,,46.5897405,15.0195877
2497925438,node,Rahtel,,,,,,,46.5206474,15.0760005
2517553292,node,THERMANA kavarna,,,,,,,46.1619475,15.2324205
2518438977,node,Picerija Melitta,Steletova cesta,25,Kamnik,,,pizza,46.216471,14.6039503
2518483559,node,Bistro Piknik,Ljubljanska cesta,91,Domžale,,,,46.1417089,14.5950686
2518514204,node,Restavracija Park,Kopališka cesta,3,Domžale,+386 1 721 67 38,https://www.restavracijapark.si/,pizza,46.1357891,14.6007909
2518858391,node,Pivnica - Birreria HS,Partizanska cesta,69a,Sežana,+386 5 7304502,,regional,45.704878,13.8615539
2518873088,node,Klevž,,,,,,,46.4948268,15.1461224
2519746926,node,FNX coffe & bistro,,,,,,,46.0625687,14.566287
2537955825,node,Maru,,,,,,japanese,46.071139,14.4778181
2546305951,node,Pizzeria špageterija Olivia,Ljubljanska cesta,12d,Trzin,,,pizza,46.1327631,14.56239
2553901934,node,Restavracija Allegria,Nazorjeva ulica,8,Ljubljana,,https://www.allegria.si/,italian;international,46.0528353,14.5047843
2553903360,node,Pizzeria Osmica,Nazorjeva ulica,8,Ljubljana,,http://www.osmica.si/,pizza,46.0526711,14.504733
2561937227,node,Čiro,Tbilisijska ulica,85,,,,balkan,46.0358967,14.4785692
2564292780,node,Parma,Trg republike,2,,+386014268222,https://m.facebook.com/profile.php/?id=100063949246585,pizza,46.0495304,14.5007156
2580877687,node,Pizzeria Grad,,,,,,pizza,45.9428836,13.7325749
2582499595,node,pri Cepčovih,Golac,4,Obrov,,,regional,45.5153516,14.0639649
2583685029,node,Gostilna Zajc,Mala Loka,6,Mala Loka,,,regional,46.1089599,14.6110657
2586338776,node,Pizzeria Atrij,,,,,,pizza,45.5474957,13.7291899
2606791100,node,Gostišče Bakhus,Žerjavka,12,Kranj,,http://www.gostisce-bakhus.si/,regional,46.2024137,14.4036255
2613902602,node,Dvor Tacen Kavarna,Pot sodarjev,2,Ljubljana - Šmartno,+38682055612,https://www.dvortacen.si/,,46.1176504,14.4619865
2614661748,node,Gostilna Kuzman,,,,,,regional,46.3829571,15.2960904
2649483755,node,Pizzerija VRT,Cesta 9. avgusta,8C,Zagorje ob Savi,,,pizza,46.1342182,14.9959948
2700551052,node,Gostilna Grad,Ulica Janeza Rožiča,2,Ljubljana - Šmartno,+38615116800,,,46.1194602,14.4607667
2722982216,node,Gostilnica XXI,Rimska cesta,21,Ljubljana,,,barbecue;greek;italian;mediterranean;seafood;steak_house,46.0477268,14.498391
2753560968,node,Kmečko gostišče Donko,Plintovec,44,,,,,46.6486586,15.6377549
2754952533,node,Tokyo Piknik,Cankarjevo nabrežje,25,,+386030608808,https://tokyopiknik.com/,ramen,46.0491559,14.5058324
2759152918,node,Larmonia,,,,,,,46.3795635,15.5555946
2764938378,node,Pizzerija Don Gill,,,,,,pizza,46.0548337,14.5653993
2766416816,node,Picerija Kovač,Cesta Simona Blatnika,6,Velenje,,,pizza,46.365546,15.1017481
2787960623,node,Bar Grega,Klopce,19,,,,,46.4099945,15.5987419
2866277881,node,Altana,,,,,,,45.5278133,13.5685332
2866277886,node,PiranArt,Prešernovo nabrežje,2,Piran - Pirano,,https://www.piranart.com,coffee_shop;sandwich,45.528749,13.5663274
2866277887,node,Delfin Pirano,Kosovelova ulica,4,Piran,,,,45.5291963,13.5664007
2866277888,node,Gostilna Galeb,Pusterla,,,,,regional,45.5301998,13.5651558
2866277889,node,Gostilna Ivo,,,,,,mediterranean,45.529456,13.564759
2866277890,node,Gostisce Pirat,,,,,,mediterranean,45.5260552,13.5684872
2866277896,node,Pavel 2 Piran,,,,,,regional,45.5288049,13.5660938
2866277898,node,Gostilna Bonaca,Prešernovo nabrežje,24,Piran,,,italian,45.5303076,13.5643649
2866287413,node,Tri vdove,,,,,,,45.5291887,13.5651068
2866287417,node,Restaurant Riva,,,,,,,45.5297524,13.5642756
2866287418,node,Ribja Kantina,,,,,,,45.5285985,13.5666229
2888284914,node,Stari pisker,Savinova ulica,9,Celje,+386 3 5442480,https://www.stari-pisker.com/,regional,46.2290716,15.2640217
2911803267,node,Čateski Dvorec,,,,,,regional,45.8900706,15.6047
2916318301,node,Gostilna Kovač,,,,,,,46.1288648,14.4446036
2916318401,node,Bar Sava,,,,,,,46.1226463,14.44536
2917167254,node,El restaurante Mexico,,,Kranj,,http://www.restavracija-mexico.si,mexican,46.2359322,14.3452065
2918403358,node,Gostinstvo Jure Kristančič,,,Šmartno,,,regional,46.0044555,13.5542035
2918403359,node,Hiša Marica,Šmartno,33,Kojsko,,,regional,46.0049156,13.5552901
2922171876,node,Restavracija Mango,Turnerjeva ulica,17,Maribor,+386 31 374 375,https://www.restavracija-mango.si/,,46.5631234,15.6295564
2934671871,node,Gostilna Jurček,Cesta na Roglo,4b,Zreče,,http://www.gostilna-jurcek.si/,pizza;regional,46.3698626,15.391839
2934689517,node,Izletniška kmetija Ančka,,,,+386 3 752 11 16,,regional,46.3755047,15.3739473
2934718308,node,Pizzoteka,,,,,,,46.3634035,15.3937691
2956245818,node,Sarajevo '84,Nazorjeva ulica,12,Ljubljana,+386 1 425 71 06,https://sarajevo84.net/,,46.0528316,14.5040735
2957226350,node,Abi Kebab,Mestni trg,11,Slovenske Konjice,,,kebab;burger,46.3399438,15.427234
2965939520,node,Gostilna Pri Mraku,Rimska cesta,4,,01 421 96 00,,,46.0472572,14.5020656
2970751835,node,Pri Bitencu,,,,,,regional,46.05864,14.3021805
2974849270,node,Špajza,Gornji trg,28,Ljubljana,+38614253094,https://www.spajza-restaurant.si/,,46.0458059,14.5087472
2976287056,node,Gostilna na Gradu,Grajska planota,1,,,https://www.jezersek.si/si/lokacije/ljubljanski-grad/gostilna-na-gradu,,46.0486272,14.5086029
2980035814,node,Restaurant Mayer,,,,,https://www.mayer-sp.si/,,46.365238,14.1091143
2988509947,node,Gostilna pri Mari,Dantejeva ulica,17,Piran,+386 5 673 47 35,https://www.primari-piran.com/,,45.5237108,13.5671417
3010279927,node,Loving Hut,Gosposvetska cesta,43a,Maribor,+386 70 631 502,http://maribor.lovinghut.si/,international,46.5614284,15.634215
3010290227,node,Restavracija Briljant,Jamska cesta,30,Postojna,,,pizza,45.7813189,14.2055561
3010352402,node,Isabella food & wine,Poštna ulica,3,Maribor,+386 5 995 9450,https://isabella-maribor.si/,,46.5581059,15.6447045
3010354384,node,Living Room,Glavni trg,9,Maribor,+386 51 778 911,https://www.facebook.com/TheLivingRoomMB/,,46.5578523,15.6444966
3010949952,node,Tacos Lent,Mesarski prehod,3,Maribor,+386 31 676 871,http://www.takos.si/,mexican,46.5569141,15.6456804
3030547741,node,Pri Stričku,Kodrova ulica,8,Ljubljana,,,international,46.0696887,14.5391955
3049994956,node,Restavracija Skriti kot,Podhod Ajdovščina,4,Ljubljana,+386 1 430 22 06,https://skritikot.com/,international;regional;lunch,46.0535455,14.5045758
3053258053,node,Pizzerija Perunika,,,,,https://www.pizzerijaperunika.si/,pizza;regional,46.6846959,16.219564
3068189418,node,Gostišče Iršič,Žabljek,32,Laporje,,https://gostisce-irsic.com/,,46.3515023,15.5541933
3081702196,node,Modri kvadrat,Davčna ulica,1,Ljubljana,,http://www.restcom.si/jedilnik/1,,46.0647495,14.5272273
3085207291,node,Pri Tišlerju,Kolodvorska ulica,8,,,,,46.0557891,14.5094079
3099481994,node,Lolita,,,,,https://www.kaval-group.si/lolita-sweet-and-salty,,46.2313058,14.4544001
3106061137,node,Gostilna in Pizzeria TRIGLAV,Cankarjeva ulica,26,,,,,45.5641101,14.2484244
3109187965,node,Zvezda,Trg zmage,8,Murska Sobota,,,regional,46.6609348,16.1648993
3116261912,node,Sklejca,Slovenska ulica,52,Murska Sobota,,,local,46.6584507,16.1659234
3117952689,node,Maximo,Ulica Štefana Kovača,43,Murska Sobota,,,italian,46.66106,16.1451428
3118362525,node,Numero Uno Rajh,Lendavska ulica,12,Murska Sobota,+3862 523 12 38,http://www.facebook.com/minirestavracijarajh,chinese;italian,46.663898,16.1676903
3123569042,node,Bistro Tanja,Cankarjeva ulica,58,Murska Sobota,,,regional,46.6578884,16.1587315
3128473274,node,Mencigar - Nobile,,,,,,,46.0492131,14.5161518
3134808699,node,Palma,Lendavska ulica,39D,Murska Sobota,,,,46.6647357,16.170575
3134808700,node,Zlati petelin,Lendavska ulica,39E,Murska Sobota,,,chinese,46.6647538,16.1706949
3145131774,node,Kranjska gostilnica in picerija,Planina,3,Kranj,+386 4 232 31 84,,regional;pizza,46.2336923,14.3634
3148713429,node,Pizzeria Njami,Minoritski trg,3,Ptuj,+386 31 667 100,https://www.pizzeria-njami.si/,pizza;burger;sandwich;salad;ice_cream,46.4183303,15.8712853
3148730130,node,Gostilna Ribič,Dravska ulica,9,Ptuj,+386 2 749 06 35,https://pan-restavracija.si/gostilna_ribic/,fish;dessert,46.4183435,15.8681617
3148730929,node,Caffe & Pizzerija Marakuja,Vošnjakova ulica,8,Ptuj,,www.marakuja.si,pizza,46.4181295,15.8700209
3148736832,node,Kitajski vrt,Dravska ulica,7,Ptuj,,,chinese,46.4182792,15.86849
3148739830,node,Pizzeria Slonček,Prešernova ulica,19,Ptuj,051325222,http://www.pizzerija-sloncek.si,pizza,46.4198469,15.8681797
3151379525,node,v Grajskem stolpu,Ravenska cesta,8,Beltinci,,http://www.grajski-stolp.si/,regional,46.6068847,16.2330693
3154049318,node,Gostilna Pod kostanji,Tomačevska cesta,9,Ljubljana,,,regional,46.0702787,14.5287584
3159014761,node,Pivnica Zlatorog,Slomškova ulica,20,Ptuj,,http://www.pivnica-zlatorog.si/,pizza,46.4206777,15.8713316
3159054162,node,Gostilna Rozika,Slomškova ulica,7,Ptuj,+386 70 668 487,https://gostilna-rozika.si/,,46.4213647,15.8722469
3159092664,node,Balkanska kuhinja YUGO,Trstenjakova ulica,9,Ptuj,,,balkan,46.4206758,15.8745544
3179104286,node,Hotel Cubo,Slovenska cesta,15,Ljubljana,,,,46.0492243,14.5018692
3186264061,node,"Gostilna in trgovina Repovž, Jože Repovž s.p.",Šentjanž,14,Šentjanž,+386 7 818 56 61,https://gostilna-repovz.si/,regional,46.0112419,15.1689997
3193180958,node,Zmajev paviljon,,,,,,chinese,46.0703256,14.5421607
3194128725,node,Beli Labod,Kolodvorska ulica,20,Ljubljana,+386 40 353 567,https://www.belilabod.com/,chinese,46.0569319,14.5105119
3195818086,node,Kitajska restavracija rdeče jabolko,Tržaška cesta,116,,(01) 519 06 66,,chinese,46.039769,14.4721192
3196636597,node,Tartuf Pizzeria,,,,,,,46.0776207,14.5192144
3204207238,node,Gostilna Ražem,,215,Lokev,,,regional,45.6593328,13.9380596
3204527606,node,Ljudska kuhinja Pod strehco,Zaloška cesta,42,Ljubljana,,,international,46.0553143,14.5334832
3242428393,node,Interspar restavracija,Nemčavci,1d,Murska Sobota,,,regional,46.6699793,16.1776091
3250029672,node,Okrepčevalnica Marko,Kajuhova ulica,18,Ljubljana,,,,46.0655512,14.5350835
3268875105,node,Gostilna Gombač,Lokev,165,Lokev,,,regional,45.6608832,13.9316449
3270141180,node,Okrepčevalnica Tržnica,,,,,,kebab,46.5100537,15.0805924
3298981161,node,Restavracija Farao,,,,,,italian,46.0988235,14.5419798
3315531581,node,Baza No. 01,,,,,,pizza;regional,46.0649076,14.522752
3328137419,node,Gostilnica pr Roš,,,,,,,46.141212,15.0858294
3328481453,node,Restaurant Okarina,Ljubljanska cesta,8,Bled,+386 4 5741 458,https://www.okarina.com/,regional,46.3672829,14.1109761
3339905865,node,Zlata ladjica,Jurčičev trg,1,Ljubljana,+386 1 421 11 11,https://zlataladjica.com/sl/restavracija/,,46.0481983,14.5052924
3365444943,node,Zaika,Trubarjeva cesta,60,Ljubljana,,https://www.zaikaljubljana.com/,indian,46.0522069,14.51299
3365453563,node,Most restavracija,Petkovškovo nabrežje,21,Ljubljana,,,regional,46.052058,14.5086338
3365461314,node,Güjžina,Mestni trg,19,Ljubljana,,,regional,46.0492839,14.5062593
3370691233,node,Vila Podvin,Mošnje,1a,Radovljica,,,regional,46.3394653,14.2093625
3372082131,node,Izletniška domačija Vertovšek,Veliki Kamen 42,,Koprivnica,+386 7 49 76 239,https://www.posavje-turizem.eu/,,46.027543,15.5279574
3373328576,node,Pizzeria Napoli,,,,+38615411134,,,46.0724154,14.5446025
3373420894,node,Gostilna domačija Ražman,,1,Gračišče,+386 5 657 2003,http://www.razman.si,regional;wine,45.5026108,13.8737429
3375442349,node,Pizzeria,,,,,,,46.151031,15.5991947
3377935022,node,"Gostilna Štorovje, Jožefa Kovačič s.p., Gostišče Krka",,,,,,regional,45.8823631,14.7934197
3379832133,node,Oštarija Rudolfswerth,Kandijska cesta,35,Novo mesto,,,regional,45.8003044,15.1742399
3380889903,node,Restavracija Štefanič,Bizeljska cesta,37,Brežice,+386 7 49 62 139;+386 7 49 93 930,https://www.restavracija-stefanic.si/,regional,45.9060572,15.6013593
3382683436,node,Gostilna Pr' Gantari,Dole,23,Idrija,,,regional,45.9842987,14.1000092
3382709843,node,Gostilna in pizzeria Pri Kumru,Cesta v Rastke,23,Ljubno ob Savinji,,www.prikumru.eu,pizza;regional,46.3446532,14.8335228
3398108303,node,Solkanska Klet,,,,,,pizza,45.9730565,13.6488644
3404923966,node,Gostilna Podkorito,Dolenja Trebuša,12,Slap ob Idrijci,,,regional,46.0967397,13.8399868
3408439548,node,Polna Šefla,Cesta 4. julija,44,Krško,+386 41 306 302,,,45.9578277,15.4933543
3408446564,node,Gostilna pri Križmanu,Tublje pri Hrpeljah,24,Kozina,+386 5 6800 700,http://www.prikrizmanu.si,regional,45.5943081,13.9735254
3408463748,node,Trattoria Padrino,Žitna ulica,12,Maribor,+386 2 320 55 77,https://www.facebook.com/Trattoria-Padrino-Maribor-291195654359191/,pizza,46.5491225,15.6433982
3408493276,node,Pizzeria dal Nonno,Glavni trg,12,Celje,+386 31 602 888,http://priprijatlih.si/,pizza,46.2274147,15.2643682
3413852724,node,Gostilna in bar Cona,,,,,,,46.078934,14.4902097
3416340849,node,Joe Peñas,Cankarjeva cesta,6,Ljubljana,+386 1 421 5800,https://www.joepenas.si/,mexican,46.0527135,14.5026517
3417074117,node,"RACELAND, Karting, Centr Varne Vožnje, Restavracija AdrenAlina, Motel",Pesje,30,Krško,+386 41 379 333,http://www.raceland.si/,,45.941123,15.5527127
3421740465,node,Cantina Maria,Cesta Jaka Platiše,17,Kranj,+386 4 232 41 16,,"mexican,_general",46.2404039,14.3713828
3448250481,node,Pizzeria Popaj,Kolodvorska ulica / Vasut utca,3c,Lendava / Lendva,,,,46.5589838,16.4543182
3455776326,node,Bistro Zelena jama,,,,,,regional,46.063429,14.531576
3497163292,node,Kmetija Marušič,,25,Miren,,https://www.kmetija-marusic.com/,regional,45.8616332,13.6048843
3514071032,node,Kmečki turizem Pr'Krjan,Dobovica,6,Dole pri Litiji,,,"regional,pizza",46.044888,15.0467067
3514077369,node,Gostišče Celestina,Sopota,3,Podkum,03 56 76 255,,regional,46.0599639,15.0464663
3561159773,node,Isabella,Podgrad,9,Podgrad,+386 57835035,https://sites.google.com/site/pensionisabellapodgrad/,grill,45.5218533,14.144274
3577322413,node,San Martin Hotel/Restavracija/Enoteka,Šmartno,11,Kojsko,,https://www.sanmartin.si/,regional,46.0059365,13.5564676
3582531231,node,Pivovarna Gostilna,,,,,,burger,45.5044631,14.2702309
3585167791,node,GOSTILNA,,,,,,,45.528437,14.2513446
3587402384,node,Okrepčevalnica Doro,Trg padlih za svobodo,3,Izola,+386 5 6417496,,,45.5386516,13.6609285
3587426803,node,Zar Grill,Vilharjeva cesta,2,,,,,45.5720414,14.2404046
3589152592,node,Gostilna pri Škofu,,,,+38641537844,,,46.0228979,14.3126893
3595206425,node,Ribarnica vinotek,,,,,,,46.238668,14.3560855
3595206455,node,Gostilna Matjaž,Prešernova ulica,16,Kranj,041 787 059,,pizza,46.2398078,14.3558021
3595206457,node,Stari Mayr,Glavni trg,16,Kranj,(04) 280 00 20,https://old.stari-mayr.si,,46.2388204,14.3553138
3603018433,node,Gostilna Jakob Franc,Trnovski pristan,4a,,,,slovenian,46.0428757,14.5059894
3603973396,node,Autogrill,,,,,,regional,46.4499207,15.653375
3608506960,node,Vino Modana,Medana,16,Dobrovo v Brdih,,http://www.modana.si/,,45.9853168,13.52081
3617284831,node,Admiral,Ferrarska ulica / Via Ferrara,,Koper / Capodistria,,,regional,45.5471036,13.7383547
3623933293,node,Turistična kmetija Šinkovc,Medvedje Brdo,10,Rovte,,,,45.9705153,14.1373287
3634442037,node,Gostilna Križada,Neblo,47,Dobrovo v Brdih,,,,46.0057605,13.5026827
3660936459,node,Poper gostilna in pizzerija,,,,,,pizza,46.3416643,15.4171701
3667136571,node,Gostilna Prunk,Lokev,166b,Lokev,+386 5 7671102,http://www.mesarija-prunk.si/,regional,45.6606459,13.9323568
3671535899,node,Baščaršija,Gosposvetska cesta,43c,Maribor,,https://www.bascarsija.si/,balcan,46.5615325,15.633927
3677647812,node,Ambasador,,,,,,italian,45.6605783,13.9310547
3677648458,node,Obersnel,Lokev,173,Lokev,,,regional,45.6610093,13.9324564
3684560245,node,Tavern & Pizzeria Bor,Borovška cesta,98,Kranjska Gora,+386 4 589 20 88,https://gostilna-bor.si/,pizza,46.4854432,13.7797158
3690277613,node,Druga Violina,Stari trg,21,Ljubljana,+386 820 52506,http://www.facebook.com/drugaviolina,regional,46.0469766,14.5066779
3700102189,node,Pizzeria Santalucia,Liminjanska cesta,78,Portorož,+386 5 677 18 94,,pizza;regional,45.5067535,13.608065
3703805417,node,Okrepčevalnica pri Marijanci,Večna pot,113,Ljubljana,,,,46.0502156,14.4684286
3707713950,node,Pizzerija Napa,Verdijeva ulica,2,,,,italian_pizza,45.5382509,13.6577194
3722789748,node,La Pizzeria,Gosposka ulica,8,Maribor,,https://www.lapizzeria.si/,pizza,46.5580364,15.6463691
3726609679,node,Okrepčevalnica pri Mileni,,,,,,,45.6637463,14.1281819
3741050025,node,Gostilna Krebs,,,,,,,46.5230667,14.8506319
3741131873,node,Šoferska,,,,,,,45.8394449,15.2361875
3742023972,node,Gostišče pr ribcah,,,,,,regional,46.0249629,13.9625434
3746272542,node,Cejkotova domačija,Goče,60,Vipava,+386 31 398 496,,regional,45.8226495,13.9229728
3770171753,node,Restavracija,,,,,,,45.5895484,13.8607747
3770684856,node,Kitjska hrana,,,,025303009,http://murska-transport.com/kitajska-hrana/,asian,46.6685299,16.1784153
3772702331,node,Restavracija Raj,,,,,,,46.3623471,14.3085285
3773020696,node,Abi Falafel,Trubarjeva cesta,40,Ljubljana,+386 41 640166,http://www.falafel.si,,46.0524438,14.5109458
3774604693,node,Pizzerija,,,,,,,46.229881,15.5215982
3774671857,node,Restavracija Zadružnik,,,,,,,46.2299261,15.5237441
3776174637,node,Das ist Valter,Šmartinska cesta,3,Ljubljana,+386 1 430 5195,https://dasistwalter.eu,balkan,46.056282,14.519253
3794356684,node,Atropola Restavracija & Bar,,,,,https://www.atropola.si/,,46.0425762,14.5905191
3808957750,node,Zlata Riba,,,,,,asian,46.2369583,14.3547279
3808992658,node,Buf,Stara cesta,25b,Kranj,,,pizza,46.2422533,14.3523027
3812452862,node,Gostilna in pizzerija Detel'ca,,,,059 118 128,,,46.3556922,14.2922618
3820731868,node,Euro Gurman,Zadobrovška cesta,18,Ljubljana - Polje,+ 386 1 529 1550,,regional,46.057469,14.5842092
3828735062,node,Komel,Kobjeglava,63,Štanjel,,https://q-komel.com,,45.8169036,13.8088808
3833918084,node,Picerija Bullizza,Poklukarjeva ulica,29,Ljubljana,,,,46.0449967,14.4712542
3873574130,node,Gobarsko društvo jurček,Koprivnik v Bohinju,62b,Bohinjska Bistrica,+386 41 483 896,https://gdjurcek.com/,regional,46.3069456,13.9830773
3914258892,node,kmetija Gašparin Obljubek,Drnovk,11,Dobrovo v Brdih,,,regional,46.005226,13.5230088
3919462464,node,Brunch,,,,,,,46.0675258,14.5419632
3927947893,node,Go pizza go,,,,,,pizza,45.8047761,15.1705476
3932392053,node,Slovegija - veganska restavracija,Meljska cesta,42,Maribor,,,,46.5605141,15.6647532
3937702644,node,Izletniška Kmetija Zdravić,Brsnik,1,Kostel,,,regional,45.4986028,14.9112868
3941162689,node,Restavracija Potočka,Snivik,7,Kamnik,,,,46.2268227,14.7046686
3941194321,node,Gostilna Mili Vrh,Žale,10a,Kamnik,+386 40 201 698,https://www.gostilna-milivrh.si/,regional,46.2287503,14.598851
3995724413,node,Marché Mövenpick,,,,,,,46.5309942,15.7007859
4004857070,node,Pizzeria Tmin,Prešernova ulica,2,Tolmin,+386 5 388 15 15,,pizza;regional,46.1840058,13.7329527
4017101014,node,Restavracija Slorest,,,,05 620 34 31,,,45.5505567,13.7404317
4017702170,node,Gurmama,Štihova ulica,6,Ljubljana,,,,46.0608562,14.5153897
4017715776,node,Gaudi&Naan,,,,+386 41 662 073,https://www.gaudi.si/,,46.0520712,14.5072533
4030180997,node,Gostilna Štorovje,Selo pri Radohovi vasi,6,Šentvid pri Stični,+386 1 788 50 63,,,45.9573506,14.8716775
4030183415,node,Pizzeria Kegeljček,Radohova vas,17,Šentvid pri Stični,+386 1 788 51 38,,pizza,45.9452383,14.8603769
4077933160,node,Restavracija Pri lovcu,Ribčev Laz,4a,Bohinjsko jezero,,,,46.2721997,13.8947952
4081740852,node,Restavracija Rotovž,,,,,https://www.facebook.com/Restavracija-Pizzerija-Rotovž-127159547482483,pizza,46.5187596,16.195504
4092208941,node,Tourist farm Marjanca,Spodnja Kostrivnica,5,Rogaška Slatina,+ 386 (0) 35 81 42 64,https://www.tk-marjanca.net/,regional,46.2453232,15.6004377
4098457665,node,"Turistična kmetija ""Na hribu""",Slap,93,Vipava,,,regional,45.8355234,13.9350718
4113349506,node,Pizzeria Padrino,,,,02 840 15 30,,,46.3879643,15.5700511
4119397275,node,Sarajevski grill Pavza,,,,,,barbecue;bosnian;balkan,46.0659721,14.5428367
4127503366,node,Pizzeria Alexsandro,Vipavska cesta,53,Nova Gorica,,,pizza,45.9414076,13.6507215
4128054496,node,Compa,,,,,,,46.0524393,14.5112052
4128055205,node,Riviera,,,,,,regional,46.0524309,14.5106513
4135965965,node,Rondo,,,,,,,46.1422661,15.0844651
4135971700,node,Santa Lucija,,,,,,regional;pizza,45.9037832,15.5921297
4136170194,node,Restavracija Etna,,,,+386 (0)8 200 48 20,https://magma-x.com/,pizza;regional;fish,45.9531027,13.6693402
4137809590,node,La Bottega dei Sapori,Kajuhova ulica,12,Piran - Pirano,+386 599 20474,,regional;italian,45.528724,13.5688086
4138533701,node,Mario,Kajuhova ulica,6,,,,fish;pizza;regional,45.5287594,13.5691064
4138539493,node,Pizzeria BATANA,,,,,,,45.5282769,13.5679733
4143106690,node,pizzeria Petica,Leninova ulica,4,,0803588,www.pizzeria-petica.si,italian_pizza;local,45.5272512,13.5687966
4153009890,node,Marco Polo,,,,+38640694230,https://m.facebook.com/profile.php/?id=100063651699606,,46.0958287,14.1002852
4178687445,node,Okrepčevalnica Konoba Dalmacija,Linhartova ulica,8,Celje,,,,46.2299356,15.2639411
4178690901,node,Koper,,,,,,,46.2288228,15.2658942
4191632402,node,Kavarna Tiskarna,Dunajska cesta,115,Ljubljana,+38670553531,,american;burger;sandwich;hot_dog;barbecue,46.075073,14.5112043
4199974939,node,Di Antonino,,,,+386 41 426301,,pizza,46.5196937,15.0875593
4201940669,node,Picerija Moschkon,,,,,,pizza,46.4076529,15.837891
4219243000,node,Gostišče Inn Marinčič,Škocjan,37,Škocjan,,,,45.9066203,15.2901311
4225167192,node,Valvas'or,Stari trg,7,,+38614250455,https://valvasor.net/,mediterranean;local,46.0480365,14.5063061
4225167193,node,Rizibizi,Vilfanova ulica,10,,+38659935320,www.rizibizi.si,italian;local,45.5175638,13.5755128
4225169391,node,Capra,Pristaniška ulica / Via del Porto,3,Koper / Capodistria,,www.capra.si,italian;local;seafood;pasta,45.5472156,13.7258762
4228168494,node,Gostilna Špelca,Gornja Košana,4,Košana,,,,45.6643281,14.1154345
4233834693,node,Škrnic'lj,Šmartinska cesta,152,Ljubljana,,,regional,46.0637793,14.5446011
4237860721,node,Restavracija Starkl,Cesta svobode,45,Bled,,https://starkl.si/sl/restavracija,,46.3595068,14.0987785
4239221690,node,Aroma,Ribji trg,2,,031307030,http://aroma-ljubljana.si,italian,46.0503165,14.506209
4241051945,node,Kazina,Cesta železarjev,9,Jesenice,+386 40 312 281,,grill;croatian;italian_pizza;fish;breakfast;german;pasta;tea;coffee_shop;sausage;steak_house;balkan;seafood;regional;pizza;mediterranean;savory_pancakes;barbecue;bavarian;beef_bowl,46.4318268,14.0642311
4252829755,node,Rogina,,,,,,,46.4706556,15.085858
4255969590,node,1906,,,,,,,46.3697018,14.0838209
4260340847,node,Gostilna Požar,Predjama,2,Postojna,,,,45.8150193,14.1281949
4264441933,node,Gostilna pri Izviru Hublja,Cesta IV. Prekomorske,75,Ajdovščina,,,local;seafood;regional;mediterranean;coffee_shop;buschenschank,45.9046106,13.9118371
4266770757,node,taverna Mediteran,,,,,,,45.5148499,13.5723533
4266770758,node,Barka restaurant,,,,,,,45.5148976,13.5735404
4269899762,node,Hiša Polonka,Trg svobode,12a,Kobarid,,https://hisapolonka.com,,46.247834,13.5796839
4276801304,node,Gusto Pizzaria,,,,,,,46.0574513,14.5088497
4278063691,node,Cmočkarna - Dumpling lady,Trubarjeva cesta,56,Ljubljana,030 435 658,,dumplings,46.0522416,14.5127167
4284221389,node,Pop's place,Cankarjevo nabrežje,3,,+386 590 42856,http://facebook.com/popsplaceburgerbar,burger;american,46.0503322,14.5059675
4294853213,node,Grill Ranca,Dravska ulica,10,Maribor,+386 2 25 25 550,https://maribor-pohorje.si/grill-ranca-2.aspx,barbecue,46.556703,15.6452268
4298787681,node,En Krajcar,Podskrajnik,24,Cerknica,+38617093616,https://enkrajcar.si/,,45.794154,14.3383719
4307340611,node,Gostilna pri Lojzetu,,,,,,,45.8555317,13.9491656
4316718922,node,Šhanghai,,,,,,chinese,46.4876948,13.7899824
4322063524,node,Gostilna dela,Poljanska cesta,7,Ljubljana,059925446,,local,46.0506882,14.5120897
4330875309,node,Gostišče pri Čebelici,Brdo pri Lukovici,8,Lukovica,+386 1 729 61 13,https://pricebelici.si/en/,,46.1708002,14.6858952
4334300290,node,Namaste Indian Express,Trubarjeva cesta,31,Ljubljana,+386 14343530,http://www.restavracija-namaste.si/express/,indian,46.0524663,14.5097768
4336550889,node,Santalucia - ribja kantina,,,,+386 5 677 91 04,,fish_and_chips,45.5083377,13.5957506
4338443795,node,RAJ,,,,,,,46.1603735,14.3094182
4340379460,node,Stari Vrh,Zapreval,5,Poljane nad Škofjo Loko,,,regional,46.1714301,14.1837438
4340976546,node,Restavracija Viktor,,,,,,,46.4845701,13.7855603
4340976865,node,Restavracija Cubis,,,,,,,46.2387992,14.4090966
4346444490,node,Mitra okrepčevalnica,,,,,,,46.5213424,16.1947999
4349316990,node,Ljubljanski Dvor,Dvorni trg,1,,,,,46.0493476,14.5046297
4349685112,node,Prego,,,,,,,45.509642,13.5936832
4350139098,node,Retro,,,,,,,45.512646,13.5945473
4350307803,node,Slovenska Hiša,Cankarjevo nabrežje,13,,,,,46.0500819,14.5058617
4377172792,node,Sarajevo 84,Gramšijev trg / Piazzale Antonio Gramsci,8,Koper / Capodistria,+386 838 35944,https://sarajevo84.net/,balkan,45.5472344,13.7354839
4379469721,node,Turistična Kmetija Ivankotovi,Prem,65a,Prem,,https://www.mangiareinslovenia.eu/turisticna-kmetija-ivankotovi.php,,45.6038273,14.1883224
4384304999,node,Pavus,Cesta na Svetino,23,Laško,+386 3 62 00 723,https://www.pavus.si/sl/,,46.1571056,15.237552
4394904484,node,On' Italy,Kidričeva ulica,13,,,,burger;pizza;steak_house,45.9579458,13.6503013
4395272253,node,Trzinka,Ulica Rašiške čete,17,Trzin,+38641 30 80 10,https://www.trzinka.com/,,46.1301812,14.55211
4405793769,node,Oštarija Kranjska Gora,,,,,,,46.4854283,13.7787142
4410151694,node,Fudo,Poštna ulica,1,Maribor,+386 5 914 3576,https://www.fudo.si/,,46.5578443,15.6446517
4414231098,node,Gostilna Gorjanc,Tržaška cesta,330,Ljubljana,,,,46.0279997,14.434701
4418507989,node,Kalvan,Dunajska cesta,9a,Ljubljana,,,local,46.0601467,14.5065758
4420060795,node,Arty bistro,Slovenska ulica,20,Maribor,+386 40 176 841,,,46.5603646,15.6459134
4420060809,node,Stari Gril,Glavni Trg,5,Maribor,,,barbecue,46.5573899,15.6450429
4420160492,node,Romani,Gorkega ulica,34,Maribor,,http://www.romani-kafenava.si/,regional,46.5505411,15.6384024
4422258170,node,Pizzerija Stara šola,Volče,25,Tolmin,+386 31 292900,,pizza,46.1757268,13.7075613
4425477982,node,Gostilna Sovdat,Trg golobarskih žrtev,24,Bovec,+386 (0)5 388 6027,,regional,46.3324252,13.550357
4426122971,node,Kamp Jelinc,Soška pot,50,Soča,"+386 5 388 95 10, +386 31 753 162, +386 51 222 735",https://kmetijakampjelincic.si,,46.3422095,13.6854336
4427540444,node,Polena,Polena,11,Mežica,,,,46.5115208,14.863163
4428954793,node,Cubo,Šmartinska cesta,55,Ljubljana,+386015211515,http://www.cubo-ljubljana.com,italian;mediterranean;international,46.0642021,14.5273682
4429554746,node,Hiša Krasna,,78,Lokev,,https://www.mangiareinslovenia.eu/hisa-krasna.php,,45.6628319,13.9262333
4440609074,node,Okrepčevalnica Zeleni rob,,,,+386 1 832 72 58,,regional,46.3004822,14.6400817
4452228354,node,Gostilna in picerija Podskala,,,,,https://www.mangiareinslovenia.eu/gostilna-picerija-podskala.php,,45.8452282,13.9639448
4463156919,node,Picerija Soča,Trg Jožeta Srebrniča,9,Solkan,,,regional;pizza,45.9727775,13.6487249
4467867589,node,Okrepevalnica Delikatesa Piran,Zelenjavni trg,2,,+38641316189,,fish;regional,45.5287239,13.5676695
4475211960,node,Picerija Trucker,,71B,Hrušica,+386 4 5870 404,,pizza,46.4483207,14.0131487
4475353750,node,Picerija Gorenc,Koroška cesta,59,Kranj,+386 4 236 1300,,pizza,46.2514858,14.3442419
4477053556,node,Hotel Jama,Jamska cesta,28,Postojna,,,,45.7812388,14.2058113
4494149314,node,Pizzeria Vera,,,,,,,46.0668018,14.5156305
4501234189,node,Gostilna Na burji,Nova vas nad Dragonjo,57,,+38641284030;+386 41 413 295,https://www.naburji.si/,local,45.4790301,13.6946464
4502511291,node,Sole,Kolodvorska ulica,,,,,burger;grill;cake;coffee_shop;pasta;balkan;pizza;fish_and_chips;diner;italian_pizza;fish;breakfast;italian;barbecue,46.0569066,14.5102053
4515286837,node,Gostilna Metulj,Cankarjeva ulica,60,Nova Gorica,,,regional,45.9619257,13.6446645
4521959222,node,Restavracija Vrtnica,Kidričeva ulica,11,Nova Gorica,,,,45.9575016,13.6487085
4527043052,node,Restavracija Gurman,Ulica Gradnikove brigade,51,Nova Gorica,,,,45.9631429,13.6473156
4529056889,node,Gostilna Metoja,Trenta,19a,Soča,+38641503551,https://www.metoja-trenta.com/,regional,46.3754892,13.7425417
4529131463,node,Okrepčevalnica Soča,Rejčeva ulica,1a,Nova Gorica,,,pizza,45.9575078,13.6458191
4530047451,node,Gostilna Kot,Maistrov trg,4,Kranj,,,,46.2411835,14.3567494
4530047465,node,400 Gradi Kranj,Prešernova ulica,5,Kranj,+386 64 221 111,https://www.400gradikranj.com,pizza;pasta,46.2403366,14.3561871
4541570685,node,Restavracija Kotnik,,,,,https://www.hotel-kotnik.si/slo/restavracija,regional,46.484552,13.7859427
4543576306,node,Tottapizza,,,,,,pizza,46.5487285,15.6760105
4556831692,node,"Restavracija ""JB"" Jenez Bratovž",Miklošičeva cesta,19,,+38614307070,https://jb-slo.com/,,46.0568067,14.5083788
4561850960,node,Pizzeria Briksen Bled,Zagoriška cesta,22,Bled,,,italian,46.368369,14.1112644
4569439726,node,Restavracija Presta,Bazoviška ulica,1,Nova Gorica,,,regional,45.9548843,13.6404629
4578415854,node,Public & Vegan Kitchen,Ljubljanska cesta,4,Bled,+386 70 270 712,,,46.3666858,14.1096165
4593205907,node,1Kilo,,,,,,,45.5795156,13.7376926
4594901236,node,Pizzeria Oliva,,,,,,,45.5794844,13.7377927
4598711572,node,Pizzeria Burja,,,,,,,46.2632224,13.839122
4618881101,node,Hotel Lent,Dravska ulica,9,Maribor,,,,46.5566616,15.6457135
4665035808,node,Vinarstvo in turizem Markuš,Malečnik,255,,+38624730338,http://www.turizemmarkus.com,local,46.5629313,15.7005778
4678749367,node,Hotel Veter,,,,,,,46.5408646,15.5187256
4683227006,node,Gostilna Oštirka,Linhartova ulica,6,Celje,+386 8 201 555 3,https://www.ostirka.com/,,46.229886,15.2641374
4687072401,node,Gold pub,Koroška cesta,61,,,https://goldpub.si,burger;ice_cream;pizza;grill;chicken;cake;coffee_shop,46.6152413,15.2129104
4696015663,node,Repolusk,,,,,,regional,46.6710017,15.5575186
4722778017,node,Da Noi,,,,,,regional,46.5397486,15.6404129
4729172192,node,Gostilna Pr' Matičku,Jezerska cesta,41,Kranj,+386 4 234 33 60,http://www.prmaticku.si,pizza,46.2472475,14.3685068
4770377133,node,Hiša Pod Gradom,Streliška ulica,10,Ljubljana,+38631484369,https://www.hisapodgradom.si/,local,46.0494298,14.5112451
4776770725,node,Verace,Streliška ulica,22,,+38616202448,https://www.verace.si/,italian_pizza,46.0472142,14.5140563
4777334410,node,Restavracija Jager,,,,,,,46.2333897,15.5630002
4800929070,node,Picerija Pr' Pavlet,Podpeška cesta,393,Notranje Gorice,,,,45.9866404,14.4008456
4816231221,node,Picerija Baron,Spodnje Bitnje,7a,,0038642313730,,,46.2075203,14.3341451
4824776621,node,BONA restavracija Pobrežje,Ulica Veljka Vlahovića,21,Maribor,+386 70 804 669,https://www.facebook.com/bona.restavracija,,46.5478085,15.6746429
4827639721,node,Kitajska palača,Focheva ulica,41,,+386 2 620 9618,http://www.kitajska-palaca.si/dostava/,chinese,46.5453705,15.6438561
4829218826,node,Restavracija Bohor,Kidričeva ulica,23,,+38635814100,https://www.bohor.si/,,46.2337639,15.6379524
4829218827,node,Amon,"Kozjanski park, Olimje, Podčetrtek,",23,,+38638182480,https://www.amon.si/,,46.1445767,15.5642295
4829295053,node,Restavracija Mozart,Stegne,7,Ljubljana,+386 1 511 3084,https://www.restavracija-mozart.si/,,46.0835565,14.4852771
4838493329,node,BAJSOVA DOMAČIJA,Kristan Vrh,40a,,+38659952718,,,46.2255728,15.5796877
4841339648,node,Tartini,Župančičeva ulica,6,Piran - Pirano,+38670228176,,fish,45.5271725,13.5688093
4841340023,node,Fritolin pri Cantini,Prvomajski trg,5,Piran - Pirano,,,seafood,45.5293666,13.5658236
4841949858,node,Turist,,,,,,,46.4262605,14.0893275
4853601262,node,Fast Food Veni,,,,,,,45.5358457,13.6603249
4856201268,node,Pop’s Pizza Sport,Breg,2,Ljubljana,+386 5 997 4780,https://pizza.thepopsplace.com/,pizza,46.0476252,14.5051994
4858595503,node,Okrepčevalnica Barka,Ulica svobode,9,Piran - Pirano,,,,45.5280484,13.569056
4859752964,node,Gostilna Matjaž,,,,,,,46.2283038,15.2627178
4862147885,node,Pri podkvi,Trg svobode,1,Kamnik,,,,46.2251003,14.6123046
4874488780,node,Bistro FTP,Tehnološki park,22a,Ljubljana,,www.bistroftp.si,regional,46.0506839,14.4595823
4881280300,node,Winners Lounge,Dunajska cesta,154,Ljubljana,,https://www.austria-trend.at/,,46.0819647,14.5137207
4881325297,node,Špageterija in pizzerija Koper,Gubčeva ulica,3,Celje,,https://www.pizzeria-koper.si/,,46.2287898,15.2661537
4884432330,node,Pergola,,,,,,,45.533526,13.6503148
4891972656,node,Bar Grad Štanjel,,,,,,,45.8236219,13.8448696
4896724002,node,Lunch at the Ranch,Industrijska cesta,2,Ljubljana,031557557,,balkan,46.0669262,14.5397069
4910452722,node,Restavracija in pizzerija Center,Alpska cesta,58,Lesce,+386 4 531 80 76,https://www.restavracija-center.com/,balkan;barbecue;pizza;regional,46.3631521,14.1585597
4917493521,node,Slovenska Hiša,Krojaška ulica,,,,,breakfast;coffee_shop;local,46.049588,14.5057681
4926270562,node,Restavracija Camp Velenje,Cesta Simona Blatnika,27,Velenje,,https://camp-velenje.com/restavracija/,,46.3696266,15.0865149
4931400528,node,Erasmus - Restavracija in pivnica,,,,,,,45.772019,14.1928217
4947149721,node,Pizzeria Napoli,,,,,,,46.4843524,13.7824442
4955245184,node,Hon Kong II,,,,,,,46.1938493,14.5471895
4958768688,node,Pinela,Obala,99a,Lucija / Lucia,,,,45.5068222,13.6004575
4958768689,node,Pizzeria Porto Konoba,Obala,99,Lucija / Lucia,,,italian;seafood;pasta;meat,45.5068692,13.6003422
4958996393,node,Stara Oljka,,,,,,,45.5123456,13.5948575
4964171806,node,Baščaršija,Carpacciov trg / Piazza Vittore Carpaccio,6,Koper / Capodistria,+386 820 18166,,regional,45.5478394,13.7260073
4964735488,node,Menza BF,Večna pot,111,Ljubljana,,,international,46.0510766,14.46985
4965401294,node,Beach Bar Barbara,,,,,,pizza,45.5252935,13.5827778
4966209554,node,Fat rabbit,Čevljarska ulica / Via Calegaria,36,Koper / Capodistria,+38631645595,https://www.marende.si/ponudnik.php?id=121,chicken;indian;international;italian;mediterranean,45.5466284,13.7290322
4967038755,node,Okrepčevalnica in pizzerija Levada,,,,,,pizza;regional,45.7247189,13.8157073
4979803341,node,Chada tajska kuhinja & bar,Pristaniška ulica / Via del Porto,35,Koper / Capodistria,+386 590 25501,,thai,45.545372,13.7281098
4982498446,node,Marley & me,Stari trg,9,Ljubljana,,,,46.0478788,14.5062941
4982503583,node,Maus,Gallusovo nabrežje,27,Ljubljana,,,tea;wine;cocktails,46.0471255,14.5060998
4982505972,node,Namaste,,,,,,indian,46.0471042,14.5051554
4982510156,node,Antico,,,,,,,46.0473498,14.5064374
4986972298,node,Štrukelj,,,,,,,46.1285312,13.9876795
4990230631,node,Restavracija Vulkan,,,,,,,46.0981265,14.5295834
4999659267,node,Camp Restaurant Bohinj,Ukanc,5,,,https://www.camp-bohinj.si/,pizza,46.2788893,13.8374653
4999830015,node,Dvor Jezeršek,Zgornji Brnik 63,63,,,,,46.2358813,14.4867021
5003247822,node,Restavracija Strelec,Grajska planota,1,Ljubljana,,https://www.restavracija-strelec.si,,46.04898,14.5091924
5012440741,node,Bro'Sis Bar & Restaurant,Tyrševa ulica,3,Maribor,+386 70503300,https://brosis.si/,,46.560657,15.646495
5030344721,node,Turistična kmetija Pri Živcovih,Skopo,24,Dutovlje,,https://pri-zivcovih.com/,,45.7731823,13.8236676
5032110621,node,El toro grill,Pristaniška ulica / Via del Porto,2,Koper / Capodistria,,,regional;barbecue,45.5462066,13.7255687
5037589799,node,Restavracija Terano,,,,,,,46.5359709,15.6024511
5039724437,node,Makao,,,,,,chinese,45.7739831,14.2105637
5052048221,node,Vino & Ribe,Stari trg,28,,,,fish;seafood,46.0471828,14.5063588
5052944758,node,Pizzerija in špageterija Roma,Kardeljeva cesta,73,Maribor,+386 2 332 1515,https://www.pizzerija-roma.si/,pizza;spaghetti;pasta,46.5415865,15.6334749
5053101018,node,Kmečki turizem Bezek,Šepulje,7,Sežana,+386 (0)5 7642096,http://www.kmeckiturizembezek.si/,,45.7509736,13.8684868
5053101921,node,Domačija Šajna,,4,Sežana,+386 5 7641096,http://www.sajna.si/,fish;regional,45.7506393,13.8686833
5061729585,node,Gostilnica Malteški hram,Grajski trg,,Polzela,,,"alla_card,_lunch,dessert,",46.2804442,15.0726387
5065162655,node,Postaja Poljana,Robič,24,Kobarid,+386 (0)5 9947532,,regional,46.2177582,13.4976693
5068883281,node,Restavracija Interspar Vič,,,,,https://www.spar.si/sl_SI/aktualno/restavracija-interspar.html,,46.0393966,14.4763403
5082926744,node,Gostilna plac pod Bočem,,,,,,,46.3081768,15.576741
5133711136,node,Bor Bar,Tržaška cesta,2,Postojna,+386 (0)5 726 42 30,,,45.7749894,14.2121524
5140328352,node,Sedem (7),Cafova ulica,7,,+386 2 62 11 412,https://sedem.si/,,46.5614607,15.655244
5147815942,node,Restavracija XXXL Maribor,Tržaška cesta,33,Maribor,,https://www.xxxlesnina.si/,regional,46.5315021,15.6468396
5147822437,node,Restavracija XXXL Ljubljana,Cesta na Bokalce,40,Ljubljana,,https://www.xxxlesnina.si/,regional,46.0524134,14.4500051
5167481722,node,Taverna Tatjana,Gornji trg,38,,,,,46.0455301,14.5091801
5167485921,node,Libanonske Meze,Trubarjeva cesta,45,Ljublijana,,http://www.libanonskemeze.si/,lebanese,46.0525243,14.511585
5178974885,node,Al Capone,,,,,,,46.553637,15.652315
5178974893,node,Takos,,,,,,,46.5537993,15.652079
5178974899,node,Un Momento,,,,,,pizza,46.5543157,15.6524947
5187145221,node,Osha,Trubarjeva cesta,40,Ljubljana,+386 40282713,,vietnamese,46.0524437,14.5110452
5188402235,node,Žmoht,Zaloška cesta,55,Ljubljana,,,international,46.056139,14.5346754
5194417111,node,Gostilna Racman,,19b,Brežice,,,,45.9274833,15.5956533
5209915582,node,Gostilna Jakomin,,3,Gračišče,,,regional,45.5193001,13.8703664
5212475325,node,Gostilna Pri Damah,Ljubljanska ulica,4,Maribor,+386 68 611 019,http://www.kooperativa-dame.si/,,46.553594,15.6463703
5225490214,node,Alexander Bistro,Glavni Trg,11,Maribor,,https://www.facebook.com/alexanderbistro/,breakfast;brunch,46.5578258,15.6450899
5225491949,node,Restavracija Park,Pri Parku,5,,+386 31 398 461,http://restavracija-park.com/,,46.5638757,15.6471558
5225491973,node,S sushi,Jurčičeva ulica,5,Maribor,,,,46.5591683,15.6468567
5226810750,node,Poper,Glavni Trg,8,Maribor,,,,46.5577713,15.6443464
5235619753,node,Verace picerija,Ulica Vita Kraigherja,3,Maribor,+386 2 620 9733,https://www.verace.si/,pizza,46.5593398,15.6504965
5238130540,node,Gostilna Grad Prestranek,,,,,,,45.7322874,14.1734777
5262113236,node,Picerija in špageterija Cubus,Podbevškova ulica,11,Novo mesto,,,pizza;italian,45.8044012,15.195592
5290495346,node,Pizzeria Maxi - dostava pic,Bantanova ulica,20,Maribor,+386 2 480 1336,https://www.pizzeria-maxi.si,pizza,46.5443676,15.6765917
5298537967,node,Restavracija Tartuf,Mali trg,3A,,,https://gostilnatartuf.godaddysites.com/,regional,46.0521612,14.5071623
5316982836,node,Oštarija Peglez'n,,,,+386 4 5744218,,,46.3663566,14.1082075
5322648294,node,Travnar - kmečki turizem,,,,,,regional,46.0324294,14.716579
5324382521,node,Baščaršija,Trubarjeva cesta,52,Ljubljana,,https://www.bascarsija.si/ljubljanatrubarjeva-slo,bosnian,46.0522813,14.5124952
5335825045,node,Restavracija 3 faze,Vetrinjska ulica,2,,,,,46.5579594,15.647817
5415875970,node,Al Yasmin,Slovenska cesta,56,Ljubljana,+386 1 292 60 65,https://sufret-beirut.si,lebanese,46.0562254,14.5063237
5416062767,node,Julia,,,,+38673059487,,pizza,45.6456087,15.3169169
5416806963,node,Pizzeria Pri Roku,Levstikov trg,3,velike Lašče,017881563,https://okrepcevalnica-pizzeria-pri-roku-andreja.business.site/,pizza;regional;sandwich,45.8337119,14.6368845
5433687742,node,Skipass,,,,,,,46.4872239,13.7872024
5470097322,node,"Mornarček, ribja kantina",Pristaniška ulica / Via del Porto,2,Koper / Capodistria,,,seafood;mediterranean,45.5464819,13.7257828
5484602268,node,Sivi Čaven,Potoče,6,Dobravlje,+386 5 368 81 08,,,45.8887807,13.8204937
5499889697,node,Mr. Falafel,Gosposka ulica,30,Maribor,+38640785784,https://www.mr-falafel.si/,middle_eastern,46.5599526,15.6467236
5511265702,node,Kitajska restavracija Beijing,Tržaška cesta,543,Brezovica pri Ljubljani,,,chinese,46.0237333,14.4126638
5511410555,node,Gostilna Pr' Kopač,Tržaška cesta,418,Brezovica pri Ljubljani,+386 51 406 777,https://pr-kopac.com,regional,46.0243635,14.4163412
5533868489,node,Restavracija Pomaranča,Ob Dravi,3A,Ptuj,,,pizza;pasta;salad;barbecue;ice_cream,46.4146902,15.8669625
5538513787,node,Majolka,,,,,,,45.9396743,15.4900219
5554576549,node,Splavar,,,,,,regional,45.905811,15.5919968
5554958104,node,Gostilna Budič,Zagrebška cesta,9,Brežice,,,regional,45.8926778,15.6024829
5556612434,node,Naša hiša,Gallusovo nabrežje,31,Ljubljana,+38614254251,,,46.0468516,14.5060808
5599222625,node,Gostišče Mašun,Mašun,1,Knežak,+386 51 661 611,http://www.masun.si/,game;dessert,45.6279853,14.3662342
5602818807,node,Taverna Carrarro,,,,+38634267072,,,46.246361,15.2708506
5626765122,node,Čarman,,,,,,,46.3603037,14.0997089
5641350214,node,Morski Konjiček,,,,,,,45.6523745,14.1638786
5648161725,node,Capriccio,Ciril-Metodov trg,14,Ljubljana,,,italian;pizza,46.0504407,14.5080196
5654315047,node,Pizzeria Verdi,Dravska ulica,8,Maribor,+386 2 250 8120,https://pizzeria-verdi.si/index.html,pizza,46.5568555,15.6453305
5687635021,node,Gostilna pri Hrvatu,srednja vas V Bohinju 76,76,,,https://prihrvatu.si/,regional,46.2973875,13.9253747
5693296919,node,Vučko gril Maribor,Preradovičeva ulica,24,Maribor,+386 70 488 661,https://www.facebook.com/sarajevskarestavracijavucko/,barbecue;balkan,46.5531874,15.628252
5699202678,node,Dobro Jutro Vietnam,Slovenska ulica,15,Maribor,,https://www.facebook.com/Dobro-Jutro-Vietnam-139139806790664/,vietnamese,46.5602933,15.6460474
5731143560,node,Bujol,Verdijeva ulica,10,,,,fish,45.5382263,13.6581087
5736665159,node,Menza FE,Tržaška cesta,25,Ljubljana,,https://www.fe.uni-lj.si/o_fakulteti/restavracija/tedenski_meni/,,46.0449729,14.489226
5741903408,node,Restavracija Firbc' Okn,Cesta Ste Marie aux Mines,11,Tržič,+386 591 33333;+386 70 899 599,,,46.3552278,14.29544
5745255960,node,Minutka,Ljubljanska cesta,11,Postojna,+386 31 851 371,https://www.facebook.com/pages/Pizzeria-Minutka/202470873235463,regional,45.7762734,14.2153392
5759336322,node,pr Mrtinet,Luče,45,,,,,45.9264064,14.7254695
5762279606,node,London Street Food,Strossmayerjeva ulica,26,Maribor,+386 31 474 690,https://www.facebook.com/londonstreetfood/,,46.5606354,15.6423882
5770323660,node,Orange,,,,,,,46.3597989,15.1048568
5770361569,node,Pizzeria Picadilly,Stari Trg,35,Velenje,,,pizza;pasta;steak;salad,46.3585599,15.1078211
5773162629,node,Tunaholic,Ciril-Metodov trg,16,,,,fish,46.0503773,14.507756
5773415515,node,Nono - Pizza grill bovec,Industrijska cona,6,Bovec,+386-70-311-611,,,46.3388333,13.5625514
5782003628,node,Pri Jerneju,,,,,,regional;mexican,45.8438395,15.3380678
5786647647,node,Kamp Nadiža,,,,,,regional,46.2428947,13.4562164
5793596395,node,Mehiška restavracija Mexico 1867,,,,+38614382450,,,46.0626408,14.499149
5805113480,node,Kitajska restavracija Happy garden,Zgornje Bitnje,100a,Žabnica,+38631866245,http://www.happy-garden.si/,chinese,46.2211529,14.3319535
5813206386,node,Bistro Rudi,Betnavska cesta,122,Maribor,,,,46.5384252,15.6357725
5834507632,node,Okrepčevalnica Lazna,,10,Trnovo pri Gorici,,,,46.0386621,13.805788
5837124968,node,Restavracija Koral,,,,,,,45.5387307,13.6577768
5839953684,node,Okrepčevalnica Valvazorjev Hram,,,,,,,45.7936573,14.3626171
5858725769,node,Pizzerija ŠTOK,,,,+386 2 444 35 12,,,46.5998572,15.1643387
5858932630,node,Arroi Restaurant,,,,+386 4174 5746,https://www.arroi.si,asian;sushi;thai,46.3673204,14.1089515
5859451186,node,Pr’ Pristavc Gostlina in Pizzerija,Polje,18,,+38640384977,https://www.prpristavc.com/,,46.2679511,13.9098573
5865985179,node,Burin,,,,,,pizza,45.5185122,13.5686666
5874111119,node,Raceland,Pesje,30,Krško,+386 41 379 333,https://raceland.si/,,45.9298759,15.5351752
5878084318,node,Kmečki turizem pri Mlinu,Branik,206,,+386 5 3057356,,regional,45.859413,13.7814608
5885504973,node,Zidanica Opara,,,,,,regional,45.9224252,15.0822517
5890150616,node,Gostilnica Pr' noni,Neblo,1,Dobrovo v Brdih,+386 5 3045035,,regional,46.0054135,13.5022587
5891643293,node,Bužinel,Plešivo,37a,Dobrovo v Brdih,,,fish,45.9821533,13.5044685
5964707134,node,Žolnir,Krška cesta,4,kostanjevica,,,regional,45.8509277,15.4199287
6003538991,node,Kmetija odprtih vrat Na Kurenu,,97,Vrhnika,+386 41 350 670,,regional;balkan,45.9789581,14.2659523
6016289206,node,Istrian bistro & Tapas bar,,,,,https://www.lifeclass.net/en/gastronomy/restaurants/istrian-bistro-tapas-bar/,regional,45.5142298,13.5895198
6018159701,node,Pizzeria Nakala,Obala,16b,,,,pizza,45.5138576,13.5927265
6018164614,node,GRILL Restaurant & Terrace,Ljubljanska cesta,6,Bled,+386 4 620 41 26,https://www.grill-bled.com,local;grill,46.367269,14.1104928
6022737784,node,Club Smeha,,,,,,,46.0530072,14.5078645
6064320885,node,Gostilna SKRT,Most na Soči,62,,"0038653887025, 0038641520989",https://gostilnaskrt.wordpress.com/,italian;local,46.1523586,13.7419171
6070501638,node,Gostilna Grgič,Orleška cesta,8,Sežana,+386 5 7301 650,https://www.grgic.si/,regional,45.703547,13.8695764
6086155862,node,Turistična kmetija Mahnič,Grahovo Brdo,1,Sežana,,https://www.kmetija-mahnic.si,regional,45.7462835,13.8957155
6114851170,node,Gostilna na letališču,Prečna,46,Novo mesto,,,,45.8114374,15.1142479
6117738669,node,Picerija Mačkovec,Gregoričeva ulica,2,Novo mesto,,,pizza,45.8252591,15.1898155
6140717379,node,Pizzeria Hitri Gonzales,Na Poljanah,18,,+386 7 044 7744,https://www.facebook.com/pizzahitrigonzales/,,46.5526686,15.6290174
6163743526,node,La Cantina - Center,Vetrinjska ulica,30,Maribor,+386 2 614 5614,http://la-cantina.si/,,46.55935,15.6481455
6175198541,node,Ngon,Glavni trg,17b,,040146511,https://www.ngon.si/,vietnamese,46.5576522,15.6462879
6237955731,node,Bistro Švicarija,Pod turnom,4,Ljubljana,+386 51 350750,https://www.bistro-svicarija.si/,,46.05521,14.4920666
6272003855,node,Etno,Dolga Brda,32,Prevalje,,,,46.5666152,14.8411239
6339240343,node,Gostilna Grill,Ulica kozjanskih borcev,18,Brežice,,,burger;regional;steak_house,45.9142039,15.5933642
6343244319,node,Dobrote vzhoda,Celovška cesta,69a,Ljubljana,+386 1 514 30 69,http://www.dobrotevzhoda.si/,chinese,46.0637392,14.4938884
6345486244,node,Berdnik,Cesta bratov Milavcev,39,Brežice,,,,45.9122297,15.5903944
6404729886,node,Moji Štruklji,Adamič-Lundrovo nabrežje,1,Ljubljana,,,regional;sausage,46.0513018,14.507719
6407302187,node,Kantina Gradela in pizerija,Obala,26,,+38641639166,,pizza;international,45.5084558,13.5957743
6439336085,node,Ramen by Maru,Gosposka ulica,4,Ljubljana,+38631555404,,noodle,46.0485688,14.5040341
6444610086,node,Bicikl,,,,,,,46.7134472,15.8926901
6499496889,node,Turistična kmetija pri Rjavčevih,Šempas,158,,+386 (05) 3088659,http://www.rjavcevi.si,,45.9293848,13.7426511
6525451879,node,Tia's pizza,Cesta 24. junija,25,Ljubljana - Črnuče,+386 70 776 601,,pizza,46.0963654,14.5269561
6536700632,node,Gostišče pod roglo,Boharina,2,Zreče,+ 386 37 576 800,http://gostiscepodroglo.si/,burger;pizza;regional,46.3922643,15.3738408
6540686128,node,"Predjamska gostilnica ""Predjamka""",,3,Postojna,+386 81 6 03885,https://www.facebook.com/predjamka/,,45.8148942,14.1277565
6561280020,node,mlada lipa,Lackova cesta,76,Maribor,+386 41 610 460,https://www.mladalipa.si/,,46.5405598,15.6073827
6572141293,node,Gostilna Podfarovž,Ulica Ivana Ščeka,2,Vipava,0038653665217,https://www.podfarovz.si/,regional,45.8458246,13.9634644
6595222394,node,Amrod,,,,,,,46.5247975,16.0547828
6627203724,node,La Cantina,Ulica Staneta Žagarja,2b,Radovljica,,,,46.3482052,14.1701655
6633529671,node,Snack Bar 1964,Istrska cesta,67,Koper - Capodistria,+386 31343111,http://snackbar.si/,burger;sandwich;chicken;american;international,45.5456769,13.7103849
6660476595,node,Felix,Mala vas,16,Bovec,+386 5 388 67 33;+386 51 793 606,,burger,46.3395836,13.5554244
6660626115,node,Restaurant Kamp Lazar,,,,,,local,46.2550372,13.5864924
6668086038,node,Restavracija Blejski grad,,,,,,,46.3697049,14.1006284
6672706097,node,Jadro,Vodnikov trg,5,Ljubljana,,,,46.0505723,14.5091978
6681673707,node,Okerepcevalnica Britof,,6,Kanal,+386 (0)5 6209875,,mediterranean,46.0981112,13.584301
6694619185,node,Kastrola,Kolodvorska ulica,,,,,,46.0548787,14.5093755
6705358494,node,Izletniška kmetija Pr' Blaj,Dragovšek,4,Šmartno pri Litiji,,,regional,46.0447729,14.7870197
6705358495,node,Izletniška kmetija na Hribčku,Velika Štanga,17,Šmartno pri Litiji,,https://www.nahribcku.si/index.html,regional,46.0427346,14.7703029
6705358497,node,Bistro Valvasor,Valvazorjev trg,3,,,,pizza;regional,46.0564655,14.8290567
6746937385,node,Penzion Špenko,,,,,,regional,46.2253267,14.6132373
6750905796,node,Velun,Šalek,24A,Velenje,,,pizza,46.3615171,15.12569
6757633386,node,Gostilna pri Škafarju,,,,,,,46.0003988,14.0211318
6766879820,node,Gostilna Winkler,,36,Trnovo pri Gorici,+386 5 3074037,https://hoteliwinkler.com,regional,46.0144899,13.7928046
6773130220,node,Izletniška kmetija pri Ukovih,,65,Trnovo pri Gorici,+386 31 508 053,,regional,46.0051466,13.7979148
6776872485,node,El Patrón,Gornji trg,23,Ljubljana,+386-590-231-35,https://www.elpatron.si,mexican;tacos,46.0463498,14.5082282
6796857229,node,Gostilna pri Mostu,Vojkova ulica,2,Deskle,05 305 25 23,,,46.0401472,13.5878277
6841317131,node,Restaurant 2864,,,,,,,46.2727061,13.956766
6847967730,node,Roza slon Bežigrad,,,,,http://www.rozaslon.si/lokacije/#beigrad-,thai,46.0750691,14.5110253
6847999274,node,Restavracija 123,,,,,,,46.0743941,14.5109662
6848097165,node,Suwon Korean Bunsik Bistro,,,,,,korean,46.0734879,14.5107391
6848124637,node,Barbado,,,,,,,46.0742529,14.512205
6853620479,node,Mahnič,,12,Matavun,,,mediterranean,45.663173,13.9894767
6883217862,node,Stara krška picerija,,,,,,pizza,45.9621287,15.4859966
6895579885,node,Pizzeria Piccola,Gornji trg,20,,,,pizza,46.0461535,14.5083226
6896872493,node,Pension Rožič,Ribčev Laz,42,Bohinjsko jezero,+386 4 5723 393,https://www.pensionrozic-bohinj.com/,,46.2762342,13.8897463
6898528174,node,Zbornica,Rimska cesta,13,Ljubljana,+38640583355,https://www.zbornicabar.com/,burger;hot_dog;sandwich,46.0473481,14.5000614
6913903733,node,Štirica,,,,,,donut;krof,45.9432573,15.4855684
6913903742,node,Anton,,,,,,,45.942726,15.477472
6913903743,node,Fontana,,,,,,pizza,45.9636644,15.4862459
6913903744,node,Apolon,,,,,,,45.9639472,15.4864582
6920443944,node,Izletniška kmetija Lokan,Lepa Njiva,62A,,,,,46.3784922,14.9841794
6985772846,node,Muzej kulinarike,,,,+38657391919,https://www.lipica.org/sl/restavracija-gratia/,regional,45.6672654,13.8805926
7096160205,node,Vila Pohorje,Francetova cesta,2,,+386 30 653 262,,,46.510312,15.0803889
7103267087,node,Hotel Vandot,,,,,,,46.4849,13.7866555
7105241384,node,Bistro Maha,Nazorjeva ulica,3,Ljubljana,+386 31 884844,https://bistromaha.si,,46.0525068,14.5048649
7105284022,node,Retro 1976,Gortanov trg / Piazza Vladimir Gortan,12,Koper / Capodistria,+38651696999,,coffee_shop;pancake;savory_pancakes,45.546364,13.728733
7105284023,node,Labirint,Čevljarska ulica / Via Calegaria,9,Koper / Capodistria,+386 82057350,https://www.marende.si/ponudnik.php?id=66,european,45.5475382,13.7298946
7112787180,node,Roza slon,,,,,,thai,46.0574762,14.5090473
7142576175,node,Gostilna in picerija Grapa,Sveti Lenart,52,Selca,+386 41 541 575,,italian,46.1830516,14.1910678
7142897390,node,Gostišče Kos,,,,,,,46.0031539,14.0278754
7143351256,node,Izletniška kmetija Bajda,,,,+386 41 887 995,http://bajda.si,,46.0850432,15.0247314
7154692194,node,Domačija Malik,Slap,9,Vipava,,,,45.8404336,13.9353837
7165998652,node,Pizzeria Peruzza,,,,+386 41 779 977,https://www.facebook.com/pg/pizzeriaperuzza,pizza,46.0248877,14.526898
7199717974,node,Antica,Kolodvorska cesta,2,Grosuplje,,https://antica.si/,pizza,45.95701,14.6545828
7201833188,node,Gostilna Murko,,,,,,,45.9664283,15.4853515
7242496602,node,Bistro Lük,Murkova Ulica,5,Ptuj,,,,46.4198271,15.8706333
7273811169,node,JB Streetfood,Bazoviška ulica,4,Nova Gorica,+386 51 415 637,https://www.facebook.com/jbstreetfood/,,45.9558845,13.6406701
7289717907,node,Taco Polako,Gosposvetska cesta,5,Ljubljana,+386 30 733 167,,mexican;international,46.0549297,14.5035154
7403419527,node,Gostilna pri Katrin,,102,Komen,,,regional,45.8015531,13.7113407
7446990203,node,Raw Pasta,Trubarjeva cesta,43,Ljubljana,,http://rawpasta.it/,italian,46.052707,14.5114304
7447000238,node,Burger Time,Trubarjeva cesta,47,Ljubljana,+386 40 540 038,https://www.burgertime.si/,burger;american,46.0525615,14.5117328
7471895021,node,Behar,,,,,,bosnian,46.0612759,14.502373
7619962428,node,Restavracija Kodila,,,,,,,46.6836463,16.1628694
7656361066,node,Štoria,,,,,,mediterranean;pizza,45.5463638,13.7256186
7692305110,node,Gostilna pri Tinetu,Gortanov trg / Piazza Vladimir Gortan,14,Koper / Capodistria,,,mediterranean,45.546222,13.7284262
7703054286,node,Pastirski stan Gradišekovih,,55,Stahovica,+38631866237,https://koca.si/pastirski-stan-gradisekovih/,regional,46.2951638,14.6503265
7729057285,node,Art Cafe,,,,+386 4 576 71 79,https://www.artcafe.si,,46.3702561,14.1068592
7772246587,node,Cafe Libero,Gradnikova ulica,20,,+38653051155,https://www.barlibero-kanal.si/,italian_pizza;local,46.0892927,13.6360711
7801779185,node,Gostilna Perla,,,,+38631210654,,fish,45.5387801,13.6580692
7807487278,node,Okrepčevalnica Zadružnik,Solčava,18,Solčava,+386 31 693 604,https://www.facebook.com/Okrep%C4%8Devalnica-zadru%C5%BEnik-373137469524234/,,46.4195554,14.6927252
7809389380,node,Ribja kantina »Fritolin«,Obala,53,,,,seafood,45.5131452,13.5949863
7810973198,node,Kralj Matjaž,,,,,,pizza,45.8031774,15.170391
7810993474,node,Gostišče na trgu,Glavni trg,30,Novo mesto,,,,45.8039647,15.1693713
7812860485,node,Hallo Leskovac,,,,,,,46.0464312,14.506528
7814959585,node,Gostilnica in pizzeria Lovski dom Bled,Grajska cesta,59,Bled,+386 591 65415,https://www.grajskapreza.si/,barbecue;noodles;pasta;pizza;regional,46.3706973,14.0982858
7832961659,node,Okrepčevalnica Markežič Gracjela Markežič,,,,,,,45.5005306,13.7176329
7836838029,node,Okrepčevalnica Barbera,Goriška cesta,66,Ajdovščina,,https://barbera-ajdovscina.business.site/,regional,45.8857961,13.8931216
7877246591,node,Pizzeria pod skalco,Slovenska cesta,17,Spodnja Idrija,,,,46.032171,14.0233166
7894429836,node,Sintal,,,,,,,46.0781307,14.4903667
7934482173,node,Gostilna in pizzeria Pri Brajdi,Komen,121,Komen,+386 (0)5 9915051,,pizza;regional,45.8175431,13.7433186
7992634821,node,Gostilna Pizzeria Kortina,Cesta borcev,1,Koper,,http://www.gostilnapizzeria-kortina.com,mediterranean;fish,45.5473681,13.766429
7996818771,node,Taverna Kupljen,Svetinje,21,Ivanjkovci,,,regional,46.4693195,16.1721546
8001064109,node,Letni vrt Na livadi,Slomškova ulica,1,Ajdovščina,,,,45.8875083,13.9107707
8007219500,node,Amon,Tovarniška cesta,2,Ajdovščina,,,regional,45.8867033,13.9039088
8039259251,node,Hit Wok,Čopova ulica,4,Ljubljana,,,asian,46.0518324,14.5052411
8041899350,node,NOE Wine Bar & Restaurant,,43d,Volčja Draga,+386 5 99 12 505,,,45.9018907,13.6773222
8084837324,node,Restavracija 123,,,,,,,46.0756994,14.5177552
8093364509,node,Šport center Prodnik,,,,,,,46.3286794,14.860308
8112651861,node,Picerija Fontana,Tovarniška cesta,4a,Ajdovščina,,,pizza,45.8867674,13.9029826
8389809238,node,Gostilnica in picerija Žakelj,,,,,,,45.8969485,14.1974062
8403186444,node,Gostilna Burica,,,,,,,46.1076263,14.5941827
8672048516,node,Restaurant Clai,Sečovlje,19,Sečovlje - Sicciole,,https://www.portoroz-airport.si/en/visitors/restaurant,traditional,45.474352,13.6168016
8757685132,node,Steakhouse,Gosposka ulica,8,Maribor,+38641302302,https://steakhouserozmarin.business.site/,steak_house,46.5580365,15.6466352
8794658238,node,pr' Pepet,Kopališka ulica,1,Škofja Loka,+38631701876,https://www.prpepet.si/,regional,46.1638576,14.3071495
8848875256,node,Gostilna Kašča,,,,,,,46.1663074,14.3083671
8891849538,node,Restavracija Pr Tini,,,,,,,45.9209011,13.6322014
8892684298,node,Gostilna Pod Lipo,Ravnica,9,Grgar,+386 5 620 25 29,,pizza;italian,45.9828771,13.6972182
8895322727,node,Bistro LUFT,Mirce,20,Ajdovscina,040 166 932,https://www.facebook.com/bistroluft/,,45.883381,13.8920013
8903335672,node,James' Place JP,Partizanska cesta,11a,Velenje,+38670400210,https://www.jamesplace.si/,burger,46.3592334,15.1009295
8928436471,node,Gostišče Iški vintgar,Iška,45,Ig,,,,45.9103662,14.4974603
8945041787,node,Pizzerija pri Klepcu,,,,,,pizza,45.5739884,15.1910716
8946042634,node,Gostilna in picerija pri Deliču,,,,,,,45.5609747,15.1701424
8957592126,node,DIA VAS,,,,,,,46.0318972,14.0259843
8961014074,node,Gostilna Šurc,,,,,,regional,46.498097,13.7129202
8966008218,node,Gostilna Ušnik,Čiginj,5A,Tolmin,,,,46.1495843,13.7159595
8987386217,node,Aftr,Nazorjeva ulica,2,,+38613081907,https://aftr.si/,fine_dining;international;local;mediterranean;seafood,46.052464,14.505765
8987395323,node,Breg,Breg,20,Ljubljana,+38682056005,http://breg-ljubljana.com,international;local;mediterranean;seafood,46.0464451,14.5050598
8999087832,node,Residence Triglav,,,,,,,46.2840505,13.8914475
9004246863,node,Gostilna pri Pratkarju,,4,Polhov Gradec,+386 65 551 858,,,46.0647606,14.3174662
9010004511,node,Izletniška kmetija Orlič,Gortina,161,Muta,+38641762971,https://www.koroska.si/glamping-hi%C5%A1ice-orli%C4%8D-1,regional,46.6137281,15.1101971
9010027557,node,Turistična kmetija Ravnjak,Sele,37,Slovenj Gradec,+38641787090,https://kmetija-ravnjak.si/,regional,46.4980371,15.0097457
9014014881,node,eVino,Šmartinska cesta,53,Ljubljana,,https://www.evino.si/,,46.0637001,14.5263853
9035724769,node,Chuty's Slovenska cesta,Slovenska cesta,19,,,https://chutys.com,,46.0496685,14.5021321
9056564917,node,Krčma Mexico,,,,+38670656915,https://krcma-mexico.si/,mexican,46.3612598,14.16207
9066371009,node,Orient,Maistrova ulica,13b,,,,balkan,46.226222,14.6139229
9076659074,node,Rostilj Markovec,Krozna cesta,3a,,,,,45.540874,13.7089555
9078880517,node,Gostilna Vida,Gornji trg,15,,+38664298660,https://gostilnavida.com/,asian;breakfast;curry;indonesian;korean;sandwich;soba,46.0466876,14.5075872
9081725564,node,Stari Peking - kitajska restavracija,Ulica 11. novembra,41,Leskovec pri Krškem,,,chinese,45.937053,15.4798199
9097362379,node,Guerila,Planina,111,Ajdovščina,,https://guerila.si/,,45.8490555,13.9101001
9119687750,node,Steak House Berc,Želeška cesta,15,Bled,00386 40 366 017,https://www.penzion-berc.si/en/steakhouse/,steak_house,46.3648967,14.1089398
9160031751,node,Soca 202,Gregorčičeva ulica,8,Tolmin,,https://soca202.com/de/picerija-soca.php,pizza;breakfast,46.1842112,13.7328542
9161131228,node,Pizzeria Sončna ura,Lavričev trg,6,,,,pizza,45.8888516,13.9049472
9174601217,node,Separé,Koprska ulica,92,,+386 40 551 155,http://www.separe.si,barbecue;local;mediterranean,46.0356074,14.4828469
9242868885,node,Šumi,Kardeljeva ploščad,5,Ljubljana,,,regional,46.0747176,14.5146135
9246317518,node,Okrepčevalnia Poli Kapele,Brezovica pri Gradinu,34a,Gračišče,,,,45.4542797,13.8545557
9303064829,node,Boschtiz,Litostrojska cesta,56,Ljubljana,+38614755571,https://www.boschtiz.si/kontakt,burger;salad,46.0789454,14.4961756
9310285292,node,Verace,,,,,,pizza,45.9608459,13.6501049
9339798568,node,Restavracija Pjažentin,Vanganelska cesta,55e,Koper - Capodistria,,,,45.5296291,13.7388446
9397221638,node,Pizzeria Porka Eva,Lokavec,156,Ajdovščina,+38640 228 277,https://www.facebook.com/pizzeria.porka.eva,pizza,45.9114575,13.8913445
9512305259,node,Čevabdžinica Sarajevo '84,Tomažičev trg / Piazzetta Pinko Tomažič,1,Koper / Capodistria,,,regional,45.5468522,13.7267887
9524816896,node,Ofrepčevalnica Istrska Klet 'Slavček',Župančičeva ulica / Via Oton Župančič,39,Koper / Capodistria,,,regional,45.5462671,13.7289452
9548243153,node,Gostilna As,Čopova ulica,5a,Ljubljana,+386 1 425 88 22,http://www.gostilnaas.si/,,46.0516306,14.5045004
9558683342,node,Maracaibo,,,,,,,45.5450099,13.7138829
9588801290,node,Taj Mahal,Poljanska cesta,14,Ljubljana,059 034 390,,indian,46.0502742,14.5143969
9592697614,node,Roza Slon Vič,Tržaška cesta,116,,+386 (051) 434 100,http://www.rozaslon.si/,thai,46.0398394,14.4722455
9612441122,node,Beli Kamen,,,,,,local;žlikrofi,46.0069178,13.951747
9613456249,node,Gostilnica 5-6 kg,Eipprova ulica,17,Ljubljana,,,,46.0431213,14.5038414
9667381530,node,Villa Andor,,,,,,,45.583885,13.7230898
9709966016,node,Azijska restavracija Han,,,,,,asian,46.0505583,14.5044714
9720690798,node,Steakhouse Salsa,Rimska cesta,72,Šempeter v Savinjski dolini,+386 70 333 435,https://steakhousesalsa.si/,pizza;steak_house,46.2566016,15.1203901
9724161835,node,Huda,Cesta prvih borcev,7a,Brežice,+38651308799,https://huda.si/,italian;pizza,45.9030637,15.5923547
9724172914,node,Pr Šefu,Prešernova cesta,17,Brežice,,,regional;pizza,45.8991481,15.5925149
9725334658,node,Caprizza,Pristaniška ulica / Via del Porto,3,Koper / Capodistria,,https://m.facebook.com/caprizza.pizza/,pizza,45.5471766,13.7257411
9758154621,node,Štalca pri Vodniku,,,,+386 41 301 800,https://stalca.si/,slovenian;local,46.0669339,14.4861858
9777971517,node,Altrokè,,,,,,,46.0472144,14.5064931
9795510089,node,Biodinamična kmetija Pri Kamnarjevih,,40,Komen,,https://kamnarjevi.com/,,45.8001732,13.7509643
9812785027,node,GOSTILNA SAVARIA s.p.,Cesta 8. avgusta,13A,Ptuj,+386 51 435 666,,regional,46.4302998,15.893537
9830642354,node,Mihaela d.o.o.,,,,+386 2 740 01 55,,,46.4086836,16.1592974
9846901921,node,Pizzerija ANDIAMO,Puhova ulica,21,Ptuj,+386 051 22 55 22,https://andiamo.si/,pizza;burger;chicken,46.4226593,15.8868426
9878935350,node,El restaurante de Poncho,Rogozniška cesta,20,Ptuj,+386 2 780 62 90,https://www.deponcho.si/,mexican;pizza,46.4240301,15.8832662
9885769102,node,PIZERIJA ŠPAGETARIJA ANCORA,Puhova ulica,21,Ptuj,,https://ancona.si/,pizza;burger;italian,46.4232664,15.8875585
9897162146,node,Arbor,,,,,,slowenian,46.3665805,14.1092234
9898193579,node,Pizzeria Žagca,Žaga,50,Bovec,,https://www.pizzeriazagca.com/,,46.304106,13.4814987
9900247275,node,Sunriver,,,,,,,45.463547,15.2435665
9906137476,node,NEBO Show Restaurant,Tomšičeva ulica,2,Ljubljana,,,,46.0519642,14.5028796
9922960617,node,Gostilna Amfora,Reška cesta,31,,,,,45.6060733,13.9460294
9931434044,node,Pristava Lepena,Lepena,2,Soča,+386 41 671 981,https://pristava-lepena.com/,regional;italian,46.330949,13.6458724
9932363017,node,Niam Niam,,,,,,asian,46.0524521,14.5051487
9937041675,node,Gostilnica in pivnica Vič,Trg mladinskih delovnih brigad,8,Ljubljana,(01) 426 50 78,https://gostilnicainpivnicavic.business.site/?fbclid=iwar3ncllngeozvehgo8_ebeuclniwsatg4vfrl-x_apia1u6_gma5bii4cvy,,46.0471755,14.4955952
9945174603,node,Gostilna Rešer,Center,102,,,,pizza;regional;italian,46.4700613,14.850168
9947964630,node,OTOKI japanese restaurant,Prešernova ulica,6,Celje,,https://otoki-celje.si/,japanese,46.2285799,15.2654128
9947964631,node,Wok & Roll,,,,,,vietnamese,46.2322746,15.2666067
9947964633,node,Wok,,,,,,thai,46.2298663,15.2636535
9951124875,node,Gostilna Kovač,Sela,5,Osilnica,,https://www.kovac-kolpa.com,,45.5285538,14.693321
9974498104,node,Tra PICABOJ,Rimska cesta,6,Ljubljana,,,pizza,46.0473555,14.5014335
9975463117,node,Stella Maris,,,Koper / Capodistria,+38631279085,https://stellamaris-koper.si/,,45.5484771,13.7245885
9975561382,node,Ribja Kantina,Prešernov trg / Piazza France Prešeren,4,Koper / Capodistria,+38630696500,,fish;mediterranean;seafood,45.5450605,13.7300424
9977891317,node,Opok27,Jedlovnik,27,Zgornja Kungota,+386 31 249 985,https://opok27.si/en/,local,46.6574037,15.5852314
9986057650,node,Gostilna in pizzerija Kubus,,,,,,,46.0214652,14.5232152
9987858224,node,Trappa,,,,+386 590 40010,https://www.trappa.si/,pizza;italian,46.0339897,14.4833968
9990761439,node,Vila Bled,,,,,,,46.3593059,14.093484
9996969260,node,Korean Street Food,,,,,,,46.0524146,14.5105649
9996974906,node,Lars & Sven Burgers,,,,,,,46.0869704,14.4754182
10033887086,node,Folpo Folpo,,,,,,,45.5489535,13.7238765
10043304217,node,Ogam,,,,,,korean,46.0559861,14.5072082
10047334047,node,Bamboo,Trubarjeva cesta,23,,,,,46.0525098,14.5091065
10047334053,node,Rikša,,,,,,indian,46.0523868,14.5101447
10050641501,node,Market By The Lake,,,,,,sandwich,46.3680362,14.1093495
10050863656,node,DAM,,,,,https://www.damhotel.si/en,,45.9581161,13.6618944
10050863658,node,Restavracija Primula,,,,,,regional,45.982536,13.6567429
10102079614,node,Gostilna KRPAN,Rogaška cesta,40,Šmarje pri Jelšah,+386 3 817 11 00,https://gostilnakrpan.com/,regional;burger;pizza,46.2306962,15.5251505
10119068717,node,K5,Rudarska cesta,8a,,,http://k5.si,,46.1536464,15.0483815
10197054922,node,Leteča zvezda,Cesta v Mestni log,55,Ljubljana,,,chinese,46.0363814,14.4898423
10215105768,node,Stazione Parenzana,Rimska cesta,17,Ljubljana,+386 40 145 689,,,46.0475638,14.499128
10230697154,node,Plečnikov hram,,,,,,,46.0466918,14.5033396
10245466576,node,Yimi,,,,,,,46.0561478,14.5050261
10314340342,node,The Restaurant Ljubljana,Mestni trg,15,Ljubljana,+386 1 5883 200,https://www.thehotel.si/the-restaurant,local;mediterranean,46.0486804,14.5061651
10316486848,node,Das ist Valter - Ljubljana Center,Borštnikov trg,3,Ljubljana,+386 59 018 202,https://dasistwalter.eu/en/,balkan;grill,46.0478029,14.499202
10549031434,node,Georgie Bistro,Čufarjeva ulica,5,Ljubljana,+386 40 431 123,https://georgiebistro.si/,,46.0553118,14.5085619
10564550236,node,Žigola bar & pop-up restavracija,Grajska ulica,9,Slovenske Konjice,+386 69 923 037,https://zigola.si/,,46.3349869,15.4193436
10570344538,node,Ok.Peggy,,,,,,steak_house;pizza;burger,46.5333058,15.6002049
10655609388,node,Gostišče Lajnar,Zgornja Sorica,54,Sorica,,https://soriska-planina.si/penzion-lajnar.html,,46.2418411,14.0097047
10670687901,node,Bombay Fresh,Karlovška cesta,19,Ljubljana,+386 1 601 20 00,,indian,46.0428125,14.5143094
10675910500,node,Gostišče TI,Čiginj,27,Tolmin,,,,46.1622594,13.7104703
10681500298,node,Hiša Fink,,,,,,regional,45.8017912,15.1522692
10716210626,node,Toscana,Cesta Staneta Žagarja,71,Kranj,,,pizza,46.243037,14.3764651
10727647711,node,Barra,Breg,8,Ljubljana,+386 64 199 466,https://www.barra.si,japanese;peruvian,46.0472579,14.5051682
10732000573,node,Que pasa,,,,,,,46.0574603,14.5093504
10778190685,node,Qulto,,,,,,,46.5602892,15.6468889
10798710311,node,Picerija Apači,Pohorska cesta,17,Slovenj Gradec,,,pizza,46.5107565,15.082691
10819836669,node,Grajska vinoteka,,,,,https://grajskavinoteka.si/,regional,46.0489334,14.5080665
10829593969,node,Rdeči Baron,,,,,,,46.0426544,14.4784017
10832549253,node,Picerija Valerie,Dolenjska cesta,361,Škofljica,,https://www.valerie.si,pizza,45.9981438,14.5566785
10845616005,node,Mala malca,Ulica 1. junija,16,,+386 3 562 23 09,https://www.malcajt.com/zasavska/trbovlje/mala-malca.html,local,46.1497789,15.0434159
10860358834,node,Julijana,,,,,https://www.sava-hotels-resorts.com/en/sava-hotels-bled/services-and-experiences/gastronomy/restaurant-julijana,,46.365709,14.1072971
10861698603,node,Gostilna pri ovinku,Obrtniška ulica,7,Ptuj,+386 70 207 343,http://www.priovinku.si/,regional,46.428995,15.8880946
10873087117,node,Laplac & Pizza Fabrika Ptuj,Rajšpova ulica,26,Ptuj,+386 41 555 991,https://www.laplac.si/,pizza,46.4213617,15.8826767
10873581966,node,"Gastro Ptuj, gostinstvo, d.o.o.",Rajšpova ulica,16,Ptuj,+386 2 787 59 90,https://gastro-ptuj.si,,46.4182783,15.8826867
10875038073,node,Gostilna Amadeus,Prešernova ulica,36,Ptuj,+386 2 771 70 51,http://gostilna-amadeus.si,,46.420138,15.8662063
10876299205,node,Pulso do Brasil - Brazilska restavracija,,,,,,brazilian,46.0667181,14.4935089
10876303305,node,"Boi Brasil, Brazilska restarvacija",Dolenjska cesta,117,,,,brazilian,46.0274357,14.5367336
10876319005,node,Sato Bento,Kotnikova ulica,5,,,,japanese,46.0539407,14.5124345
10895587177,node,Gostilna Pri Jošku,,,,,,,46.296281,14.8065346
10895686942,node,Gostilna pri Mesarju,,,,,,,46.3393472,14.8328245
10909365661,node,Pri Koširju,Kamnik pod Krimom,4,Preserje,00386 1 3633-230,,local;frogs,45.965657,14.3985519
10913632924,node,Bistro Lou,,,,,,,46.5577666,15.6428267
10915728230,node,Okrepčevalnica Resnik,,,,,,,46.323531,14.7108138
10916576938,node,Hotel Slovenj Gradec,Glavni trg,43,Slovenj Gradec,,,,46.5084485,15.0781399
10916576939,node,Hiša Ančka,Celjska cesta,5,Slovenj Gradec,,,,46.5074941,15.0781533
10927000694,node,Ribniški dom,,,,,,,46.3461902,14.8218322
10934211207,node,Gverk,,,,,,,46.1460769,15.0832465
10963071342,node,Svinjak Bar & Grill,,,,,,,46.3375628,13.5514795
10965103805,node,Ondori Street Food,Gallusovo nabrežje,25,,,,japanese,46.0472664,14.5060285
10982387879,node,Roza Slon,,,,,,thai,46.3429579,14.1735073
10984537147,node,Gostilna Grabar,Rabelčja vas,15A,Ptuj,+386 2 778 2 140,http://www.gostilnagrabar.com,regional,46.432924,15.8744435
10992324120,node,Unior Kovaška Industrija d.d.,,,,,,regional,46.4527042,15.3340642
11001596970,node,Lonček kuhaj,Teslova ulica,30,,,https://www.loncek-kuhaj.si,,46.0431202,14.4914849
11023203056,node,Restavracija,,,,,,,46.5333872,15.6600384
11035544182,node,Gostilna Menina,,,,,,pizza,46.2957494,14.8051546
11044075703,node,Dežela Okusov,,,,,https://dezela-okusov.si,regional,46.0431298,14.5041921
11071052460,node,Tavern Mali Grad,Kamniška cesta,19,,+386 70 204 283,https://m.facebook.com/tocilnica.maligrad,italian,46.1952618,14.595787
11109059382,node,Amfora,Podpeška cesta,150,,+386 1 365 13 53; +386 41 299 258,http://www.gostilna-amfora.si,,46.0082785,14.412148
11127373505,node,Gostilna Trnje,Trnje,30,Železniki,,,,46.219881,14.1552694
11133826735,node,Etno Dva,Partizanska cesta,23a,Sežana,+386 5 8280370,https://www.instagram.com/etno_dva/#,barbecue,45.7078566,13.871457
11138307345,node,Okrepčevalnica Aurora,,,,,,regional,46.6592446,16.1749661
11140761200,node,Papillon Bistrot,,,,,,,46.048008,14.4988895
11150001316,node,Nandl,,,,,,,46.6543294,15.1452031
11166599785,node,Faladur,,,,,www.faladur.si,,45.8463798,13.9632516
11178695741,node,Rex's Bar,,,,,,,46.3218836,14.2043085
11182727377,node,Pri Cesarju,,,,,,pizza,46.2291831,14.6109145
11183853358,node,Maestro,,,,+38641687800,https://www.gostilna-maestro.com,pizza,46.2443135,15.2020502
11183945325,node,Zhifu,,,,+38631888758,,chinese,46.2517942,15.1652638
11197830041,node,Štorman,,,,,,regional,46.2552136,15.1371662
11202126476,node,Brioni,,,,,,coffee_shop;regional;burger;ice_cream;cake;pasta,46.2435515,14.3549198
11217209137,node,Pizzeria Adam,Ponikve,71,,(01) 780 74 30,https://www.pizzeria-adam.si/,balkan;chicken;coffee_shop;pizza,45.859219,14.6421335
11225076123,node,Hisa A,Levec,4a,,,,,46.2413204,15.219119
11225161243,node,Picerija Kobula,Kobilje,36,Kobilje,+38959149638,https://www.facebook.com/picerijakobula/,pizza,46.685164,16.3930426
11226546839,node,Rina Bistro,,,,,,burger,46.0431578,14.5034353
11233480915,node,Pizzeria Vinazza,Bevkova ulica,5,Deskle,+386 5 3052554,,pizza,46.0529217,13.6179942
11248331794,node,Picerija 902,,,,,,,46.2959971,14.8072581
11262056853,node,Izletniška kmetija Oru,,,,,,regional,45.7789848,13.875396
11298831101,node,P8,Plemljeva ulica,8,Ljubljana - Šentvid,,,pizza;burger;sausage;coffee_shop,46.1035113,14.4581553
11299756811,node,Moji Štruklji Maxi,Trg republike,1,Ljubljana,+386 040 564 700,https://www.moji-struklji.si/kje-smo/,regional,46.049994,14.5010838
11300070041,node,Šumi restaurant,,,,,,,46.0494202,14.5027678
11300070042,node,La Santa Maria tapas bar,,,,,,tapas,46.0494396,14.5024469
11300078030,node,Gostilnica Gogi,,,,,,regional,46.0870168,14.4783551
11307538095,node,Gostilna Kostanj,,,,,http://gostilna-kostanj.si/,,46.452622,15.6627817
11310931561,node,Gostilna - Picerija Hruševje,,4,Hruševje,+386 5 7561063,https://gostilna-hrusevje.si/,pizza;regional,45.7631511,14.1206303
11359073291,node,Kruhkerija Gorjanc,,,,,,,46.0622196,14.5085965
11374218269,node,TAO,Ulica Frankolovskih žrtev,17a,,,,chinese;japanese,46.2510155,15.2755111
11374233669,node,Limbo,Leskovec,48,,,,pasta;pizza,46.2571855,15.307971
11425737935,node,Okrepčevalnica Kantina,Kraška ulica,6c,Sežana,00386 (0) 41 626 433,http://kantina-sezana.si/,pizza;regional,45.7068872,13.8582752
11426652071,node,Restavracija Parma,,,,+386 2 420 51 72,,,46.5463046,15.6394471
11426916618,node,Turistična kmetija Pr' Janš,Koreno nad Horjulom,4,Horjul,+386 1 754 05 59,,,46.0330608,14.2896159
11451666808,node,Gostilna Kidrič pri Dvojčicah,,14a,Poljčane,+386 41 731 462;+386 31 390 875,http://www.gostilna-kidric.com/,,46.3114244,15.6094035
11471303562,node,Kmalu,Splavarski prehod 5a,,Maribor,,,coffee_shop,46.556949,15.6440851
11480615999,node,Turistična kmetija Birsa,,18a,Dobravlje,+386 (0)5 3688113,https://www.kmetijabirsa.com/,,45.8706722,13.8061894
11481221944,node,Restavracija in pizzeria Primavera,Prešernova cesta,55,Izola,+386 5 6418444;+386 5 9954405,http://primavera.si/,italian,45.5300081,13.6514
11505582098,node,Vegashi,,,,,,bistro,46.0478792,14.4985918
11565588731,node,Evergreen kapija,Opekarniška cesta,9,Celje,+38670582138,https://www.kapija.si,italian,46.2274486,15.2641243
11569184071,node,Landerik,,,,+386 51 660 401,https://landerik.si/,,46.0477871,14.5063002
11591787266,node,Ogam,,,,+386 68 798 758,https://ogam.si,korean,46.0552348,14.5088524
11603330112,node,Restavracija Pituljica,Pohorska cesta,1,Radlje ob Dravi,040 183 280,,pizza;burger;juice,46.6141996,15.2257316
11607487147,node,Gostilna Uh,,,,,,,46.4946865,13.7200959
11609793171,node,Bife,,,,,,,46.0548428,14.5087563
11624828892,node,Pizzeria Bolero,Tržaška cesta,114,,+386 1 754 22 12,,pizza,45.9129115,14.2071784
11626561368,node,Pri babici Bredi,Ptujska Gora,35,Ptujska Gora,,https://babica-breda.si/,local,46.3544396,15.7602062
11627448589,node,Krčma Janževina – Hiša štajerske kulinarike,,,,+386 41 855 686,https://www.janzevina.si/,regional,46.3303828,15.7869999
11632170295,node,Kantina,,,,,,,45.6681234,14.1887159
11653347230,node,Spargus – Chef Andrej Smogavc in Gastuž,Špitalič pri Slov. Konjicah,9,Loče,+386 3 292 77 40,https://spargus.si/,,46.3100254,15.3934528
11657110594,node,Gostilna Ambiente,Zabovci,86B,Markovci,+386 041 996 210,https://ambiente.si/,,46.401775,15.9130527
11673197329,node,Gostilna Jager,,,,,,,46.1867957,15.0570493
11697624014,node,Center okusov,,,,064 246 270,https://www.center-okusov.si/,,46.3399991,15.4228542
11711023520,node,Verdi,Ormoška cesta,15,Ptuj,+386 2 620 98 10,,pizza,46.4187625,15.8786007
11717350967,node,Cewapi,Cankarjeva cesta,6,Ljubljana,,https://cewapi.si,balkan,46.0527465,14.5024829
11724720271,node,Norma 23,,,,,,crepe;pizza,46.0513316,14.5078789
11763274970,node,BiBi perzijska restavracija,Dunajska cesta,159,Ljubljana,+386 41 591 715,https://www.bibipersianrestaurant.com/,persian;iranian,46.0818421,14.5128719
11773711399,node,FIGO GOURMET Kranjska Gora,,,,,,,46.4863117,13.7832866
11795824484,node,Gostilnica in pizzerija Chilli,Trg Toneta Čufarja,3,Jesenice,+386 71 209 000,https://www.gostilnica-chilli.si/,pizza;steak_house;pasta;salad,46.4355792,14.0614296
11802713898,node,Oriks,,,,,,pizza,45.9204359,13.6279485
11802713902,node,Blok Bar&food,,,,+386 5 99 82 912,https://www.malcajt.com/goriska/sempeter-vrtojba/blok-bar-food.html,,45.9190274,13.6242717
11815498906,node,Kmečki turizem Babuder,,3,Materija,+386 (0)5 6874034,,,45.5670252,14.0579684
11830076494,node,Nejčeva picerija in špageterija ,Rožna ulica,2,Sinja Gorica,,,,45.9740529,14.3045959
11834665746,node,Gostišče Petelin,,,,+386 70 244 000,https://chilli-bled.si,local;mexican;pizza,46.3692426,14.1186926
11851020945,node,Gostilna Jazbec,,,,,,,46.2334231,13.589939
11862037010,node,Ložice,,,,,,,46.0519365,13.6044652
11868388082,node,Gostilna Liza,Vodenca,4A,Bovec,,,,46.3321266,13.5747705
11876397427,node,"Gostilna ""Pri Olgi""",,,,+386 5 30 88 779,https://www.gostilna-olga.si/,regional;italian,45.923481,13.7545037
11893586510,node,Veganika,Gornji trg,33,Ljubljana,+38671228718,,,46.0457287,14.5091281
11952201370,node,Pizza s hriba,,,,,,pizza,45.9616317,14.2901217
11964913969,node,Central Burger,,,,,,,46.0493682,14.5057751
11976191955,node,Gostilna Johana Dornik Branko s.p.,Dvorjane,92a,Spodnji Duplek,+38626810023,,,46.4954092,15.755417
11980575783,node,Malovec,Kraška cesta,30,Divača,+38657631225,https://www.hotel-malovec.si/,,45.6833623,13.9697098
11994597839,node,Gostilna 29,Trg osvoboditve,16,Lenart v Slov. goricah,02 720 62 81,https://www.gostilna29.si/,,46.5756393,15.8297508
12022720170,node,Gostilna pri Lukatu (Gornik Jože s.p.),,,,,,,45.7775476,14.6070441
12036698046,node,Menza dober tek,Lahova ulica,38,,,,,46.5273347,15.6578108
12042942328,node,Gostilna Pizzeria,,,,,,pizza,45.5427324,14.0839542
12042945581,node,Klavdij,,,,,,pizza,45.5510527,14.0593972
12043379793,node,Boi Brasil,Dolenjska cesta,103,Ljubljana,+386 40 589 446,,brazilian,46.0300666,14.5325036
12049519287,node,U SUSHI,Tržaška cesta,65,Maribor,+386 (0) 59 924 920,,asian,46.5231368,15.6492176
12056516257,node,Cosa nostra,,,,,,,46.5428521,14.9510045
12061109966,node,Okrepčevalnica pri Gasilčku,,,,,,,45.7022612,13.8715912
12061565406,node,Gostilna Metka,,,,+38645181364,,,46.1411043,14.0844739
12061924745,node,Brančurnik,,,,,,,46.544609,14.9323435
12067768269,node,Blejska Hisa,,,,+386 40 547 780,https://blejskahisa.si,barbecue,46.3685693,14.1150221
12075780542,node,Baffi House of Pizza,,,,,https://www.baffi.si/,pizza,46.3451198,14.1715751
12089549085,node,Grad Otočec,Grajska cesta,2,,,https://www.grad-otocec.com/,,45.837948,15.2347021
12090400269,node,Grand Kolpa,,,,,,,45.4880861,15.07118
12093614429,node,Pr' Zet,,,,,,,46.057568,14.1089537
12106024162,node,Pizzeria Kmetija,,,,,,pizza,46.3882232,14.1116695
12106719694,node,Old Cellar Bled,,,,,,,46.367358,14.1129761
12111573597,node,Chinese Restaurant NiamNiam Garden,Znamenjska ulica,,Ljubljana,+38664250084,https://niamniam-garden.com,chinese,46.0522393,14.5123337
12112470201,node,Picerija Bullizzza,Poklukarjeva ulica,29,Ljubljana,,,,46.0449964,14.4713101
12115514778,node,Picerija Gajbica,,,,,,pizza,46.5463464,14.939634
12115893647,node,Lipa Plac,,,,,,coffee_shop;cake;breakfast;burger;sandwich,45.7979367,14.178497
12116755701,node,Picerija Pr' Prek,,,,,,pizza,46.0623755,14.4120375
12118586845,node,Top Pizza,Igriška ulica,5,,069 612 460,,pizza,46.0479987,14.4995055
12124920211,node,Tvoj Chef,Cesta 9. avgusta,8C,Zagorje ob Savi,+386 70 467 417,,,46.1341467,14.9958661
12138619114,node,Promenada Burger,,,,,,burger,46.3701019,14.1069008
12140617731,node,Gostilnica Franc,,,,+386 31 413 420,https://www.instagram.com/gostilnica.franc/,local;fusion;street_food;cocktails;specialty_coffee,46.6593137,16.1664087
12154068201,node,Zeleni Jurij,Borovška cesta,48,,+38641790292,,local,46.4858528,13.7888032
12155145643,node,restaurace Kovač,Kropa,30,Kropa,+38641414046,,,46.289467,14.2023939
12159801894,node,Monika Poklukar,Mlinska cesta,28,Bled,,,,46.3572448,14.1014904
12162016368,node,Chianti,,,,,,italian,46.0774593,14.4829109
12168911185,node,Restavracija Totalka,,,,+38640707871,,,46.5329432,15.6635098
12182335101,node,Guru,,,,,,indian,46.2421201,14.3556885
12194091017,node,Gostilna Tratnikk,,,,,,,45.9282686,15.381889
12195123273,node,Josićevo,Trg zbora odposlancev,66a,,,,pizza,45.637516,14.8612298
12229427595,node,Škufca,,,,,,,46.5449492,14.9143823
12251226629,node,Fejst Tejst,Ljubljanska cesta,35,Slovenska Bistrica,,https://fejst-tejst.si/slovenska-bistrica/,pizza;balkan;burger;pasta;salad,46.3885273,15.570719
12255362695,node,Gostišče in prenočišča Bohorč,Ulica Dušana Kvedra,44,Šentjur,+38637461430,https://www.gostisce-bohorc.com/,regional,46.2197447,15.3960246
12301747245,node,Malca Mimogrede,Slovenska ulica,4,Maribor,+38659100397,https://www.malcamimogrede.si/,,46.5604678,15.6474233
12343707782,node,Piccola Cafe,Trg mladinskih delovnih brigad,1,Ljubljana,,,bistro,46.0479191,14.4967815
12346090901,node,Jurček,,,,,,,45.9767873,14.4161543
12361583101,node,Picerija Murka,,,,+38640480484,http://picerijamurka.si/,pizza,46.2353488,14.6141149
12364624943,node,Gostilna Horjulček,Vrhniška cesta,35,Horjul,+386 069 715 842,,,46.0178095,14.3042913
12365077974,node,Hiša Janko,Sokolski trg,29,,,,,45.7553134,15.0592529
12486075992,node,Leskovački dvor,Dunajska cesta,57,Ljubljana,+386 70 345 700,,balkan,46.0656607,14.5089587
12492289445,node,Drive in,Polje,12,Šempeter pri Gorici,+386 5 338 45 60,https://drivein-novagorica.com/,,45.9210768,13.6353748
12531492729,node,Kozjanska domačija,Ravno,13,Dobje pri Planini,+386 41 340 619,https://www.kozjanska-domacija.si/nastanitve.htm,regional,46.134735,15.4053765
12531775201,node,Lenger,,,,,,,46.0425684,14.1051204
12563249713,node,Pizzerija Jezero,,,,,,pizza,46.1528502,13.7411902
12574184439,node,Turistična kmetija Oblak,Rigelj pri Ortneku,2,Ortnek,+386 41 700 904,https://tk-oblak.si/,regional,45.7920488,14.6625081
12578676837,node,Zlati Vrt,,,,,,chinese,46.2621956,14.3885949
12597028547,node,"Društvo za šport, kulturo in turizem Skala, Kubed",,8,Gračišče,,,regional,45.5201516,13.869728
12638505034,node,Vrt 111,Zgornji Brnik,130h,Zgornji Brnik,+386 070 202 111,,,46.2301643,14.4612612
12647371701,node,LALU Bistro,Trg celjskih knezov,3,,,https://www.lalu.si,asian;french;regional,46.229043,15.2616715
12647382101,node,Restavracija Majerca,Stara Fužina,19,,,https://www.majerca.si,regional,46.2835104,13.8901776
12654494502,node,gostilna Strnad,,,,+386 41 674 996,,,46.0550146,15.1923001
12656513802,node,Konoba Dario,Splavarski prehod,4,,,,mediterranean;seafood,46.5571926,15.6439601
12697147616,node,Zanoodle,Rimska cesta,21,Ljubljana,,,noodle,46.0478416,14.4983315
12754576151,node,Business Lounge,,,,,,,46.2312233,14.4532906
12776615101,node,Dobra Vila Sendvičerija - Gourmet Sandwich,Trubarjeva cesta,11,,,,sandwich,46.052143,14.5077319
12788661301,node,madonca Rooms & Restaurant,Erjavčeva ulica,43,,+386 64 222 206,https://www.madonca.si/,regional,45.9528986,13.6358194
12793609201,node,Le Cité,Kidričeva ulica,20,,,,pizza,45.9567991,13.6472857
12800277937,node,G-spot Park,Vinarska ulica,2,,,,pizza;regional;burger;barbecue;grill;salad;breakfast,46.4074079,16.1544965
12804711611,node,Pri Marički,Gorenjska cesta,56,Medvode,,,,46.1493565,14.4070934
12811715826,node,DA BU Da,Šubičeva ulica,1A,Ljubljana,+38614253060,https://www.dabuda.si/,asian;fusion,46.0508682,14.5019333
12817932228,node,Okrepčevalnica Rob 11 Janez Škrabec s.p.,Rob,11,Rob,01 788 99 29,,,45.8485551,14.570686
12836807468,node,Tavžentroža,,,,,,local,45.9716006,14.1446249
12871049795,node,Gostilna Žvikar,,,,+386 41 800 767,https://zvikar.si/en/home/,,46.3200259,13.4994751
12871583972,node,Podlanica,,,,,,,45.5270967,13.5671622
12873080388,node,Chuty's,,,,,https://www.chutys.com/center-interspar-vic/domov,asian,46.0390627,14.4758405
12913878102,node,Picerija Frnažar,,222b,Miren,+386 41 422 990,,pizza,45.8860837,13.5994667
12990276838,node,Kitajska restavracija Fu Le,Opekarska cesta,1,Ribnica,070691396,https://www.kitajska-restavracija.com/ribnica/kitajska-rdece/,chinese,45.7382176,14.7251628
12995588419,node,Gostilna pri Slavcu,Zali Log,22,Železniki,+386 4 514 62 09,,,46.2065889,14.1011238
13011268859,node,Dolenjc,,,,,,,45.8442839,15.1582496
13011546493,node,Time Brewery,,,,,,,46.6133153,15.2072862
13020677748,node,Strevc Selišnik,Podolševa,26,,,,agritourism;regional,46.4357531,14.6597336
13026561683,node,Menina,,,,,,,46.3115499,14.9092756
13061667937,node,Goban Burger,,,,,,,46.679176,15.6516356
13061667938,node,Smash Bistro,,,,,,,46.6793074,15.6538602
13064958923,node,Roksalon,,,,,,,46.0481738,14.5059422
13065091531,node,Restavracija San Simon,Morova ulica,6a,Izola,,,,45.5311816,13.6461601
13065210839,node,Pizzeria Paviljon,,,,,,,46.6722352,15.6599184
13072670073,node,Picerija Špik,Srebrničeva ulica,33,Deskle,,,pizza,46.0530773,13.6140395
13074757641,node,"Gostilna, picerija in apartmaji Štalca","Krvavška cesta 24a, 4207 Cerklje na Gorenjskem, Slovenia",,,,https://gostilna-stalca.si/,,46.2568402,14.4889679
13121498448,node,Okrepčevalnica Majolka,Šuligojeva cesta,2,,,,,45.9759311,14.611202
13135640574,node,Super Osmica,Kolodvorska pot,1,Nova Gorica,+386 41 628 794,,,45.9563582,13.6351788
13145113845,node,TAQUERÍA “UNOMÁS”,,,,,,mexican,46.0539026,14.5045644
13147971445,node,Gostišče Barbara,,,,+38653771177,https://www.gostiscebarbara.si,slovene,45.9995948,14.0226139
13154686599,node,Grashka Deli,Trubarjeva cesta,72,Ljubljana,,,,46.051557,14.5148248
13175147146,node,Liva,Celovška cesta,181b,Ljubljana,+386 31 433 780,,sushi,46.0757436,14.4830924
13175453737,node,Ribič Baja,Gregorčičeva ulica,30,Piran,,,seafood,45.5295273,13.5649901
13192250554,node,Restavracija Zvezda,,,,,,,46.5241605,16.1941615
13193544520,node,Pica role Šiška,Celovška cesta,179a,Ljubljana,+386 (064) 262 000,https://www.picarole.si/,,46.0751178,14.4837371
13193544571,node,Divino,,,,,,,46.0668294,14.5416457
13203479750,node,Turistična kmetija Ačko,Štatenberg,26A,,+3862 803 02 06,,,46.3257834,15.6435589
13234931683,node,Kmečki turizem Pri Marici (Žvabovi),Štorje,52,Sežana,+386 5 7685401,,,45.7369994,13.9277555
13258888296,node,Stara Kašča,,,,,,,45.9610815,14.2919075
13277256901,node,Fresco,Slovenska cesta,51,,,,pizza,46.0558537,14.5050045
13316272553,node,Alpe,,,,,,pizza,46.4325258,14.2616559
13316272554,node,Grill house Alpe,,,,,,barbecue,46.4326478,14.2618425
13323809314,node,Turistična kmetija Abram-Žerjal,,69,Komen,+386 31 326 769,https://www.kmetija-abram-zerjal.si/,regional,45.8230735,13.7280044
13397836419,node,Picerija Emma,,,,,,pizza,46.2938622,15.246312
13404198732,node,Restavracija in Lounge Bar MANU,Moste,101,Žirovnica,+386 70 547 293,https://www.restavracija-manu.com/sl/restavracija,,46.4039771,14.1311115
13435895037,node,Okrepčevalnica bar Nataša,Malahorna,1,Oplotnica,+386 69 639 057,,pizza,46.376989,15.4390184
13437494237,node,BASA,,,,,,vietnamese,46.0566378,14.5052511
13440766772,node,Menza IJS,,,,,https://www.ijs.si/ijsw/Prehrana,,46.0421338,14.4888413
13452510514,node,Okrepčevalnica Savinek,,,,,,,46.4105029,14.9539816
13458504470,node,Gostilna Deu Zlata kaplja,Stari trg,3,Mokronog,,,,45.9443241,15.1459374
13458504471,node,Picerija Kresnička,Florijanska cesta,7,Mokronog,+386 51 632 634,,pizza,45.944834,15.1462868
13467859708,node,Kmetija Pri Mežnarjevih,Katarija,7,Moravče,+386 41 310 352,,,46.1097061,14.7449319
13476996090,node,"Moji štruklji BTC, pokrita tržnica",Italijanska ulica,7,Ljubljana,,https://www.moji-struklji.si/,dumplings;local;slovenian;soup,46.0638257,14.5446781
13495123934,node,Gostilna Zlato Runo,,,,,,georgian,46.0613151,14.4138154
13509397720,node,Vrt bambusa,Podutiška cesta,56,Ljubljana,,https://vrtbambus.si/,chinese,46.0710143,14.4706197
13537685215,node,Gostilna Pugelj,,,,,,,45.8412191,15.174163
13539256212,node,Oštarija City center Celje,Mariborska cesta,100,Celje,,,,46.2416375,15.2770557
13544174269,node,Žarson Leskovački roštilj,Cankarjeva ulica,66,Radovljica,,,,46.3475156,14.1680552
13544174270,node,NI HAO 太阳 Kitajska restavracija,Cankarjeva ulica,76,Radovljica,,,chinese,46.3477121,14.1683054
13585654615,node,Gostilnica Šiška,,,,,,,46.0755178,14.483298
13585654616,node,Čorbica,,,,,,,46.0730475,14.485628
13591537826,node,Asian HOT POT & BBQ,,,,,https://www.gremojest.si/place/asian-hot-pot-bbq-ljubljana/,asian,46.0691407,14.4897054
13599059855,node,Restavracija Interspar Kranj,Cesta 1. maja,77,Kranj,,,,46.2316235,14.3674381
13649892669,node,Jadranka,,,,,,,45.5402828,13.6718366
13687024246,node,Gostilna Zadružni dom,,,,+386 1 788 76 10,,,45.9377127,14.8049033
13690798224,node,Restavracija AnaSi,,,,,,regional,46.5606332,15.6511707
13695354088,node,Kosezar,Koseška cesta,8,Ljubljana,,https://kosezar.si/,pizza; regional,46.0688766,14.4709793
13705678740,node,Erna,,,,,,,45.5125416,14.1621547
13708984101,node,Ja Pr' Lectar,Mestni trg,19,,,,,46.0492415,14.5059579
13722099746,node,One,,,,,,,46.0552197,14.503033
13722099750,node,Mr. Wok,,,,,,asian,46.0550382,14.503375
13724992440,node,Pa.Sta?,,,,,,pasta,45.5460542,13.7339664
13776841693,node,Šavirma,Štefanova ulica,5,Ljubljana,,,egyptian,46.0532083,14.5031647
47293935,way,Gostilna pension Les,Rimska cesta,31,Brežice,+386 7 496 11 00,www.gostilna-les.com,regional,45.8907693,15.6024197
48800730,way,Porky's,,30,Kozina,,,,45.6213283,13.9052373
63610587,way,Okrepčevalnica Ruj,Dol pri Vogljah,16,Dutovlje,,,regional,45.7243668,13.8166421
72866531,way,Hiša kulinarike Jezeršek,Sora,1a,Medvode,,https://www.jezersek.si/hisa-kulinarike/,,46.1420902,14.3764894
88162652,way,Trikotna jasa,,,,,,,46.5255198,15.6015006
88320029,way,Koča pri Branču,Na slemenu,12,Hočko Pohorje,,,,46.5167115,15.5907167
96393703,way,Sidro,,41,Bresternica,,,pizza,46.5666681,15.5926568
96393925,way,Gostilna Galeb,K čolnarni,29,Bresternica,,,mexican,46.5675906,15.594447
96394003,way,Gostišče Sobočan,,11,Bresternica,,,,46.5695025,15.5969492
106417902,way,Hedl Ranč,Nad elektrarno,19,Kamnica,,,,46.571196,15.6002777
108199900,way,Gostilna Livada,Hladnikova cesta,15,Ljubljana,+386 1 320 4576,https://www.gostilna-livada.si/,,46.0354714,14.5094734
108247365,way,Mariborska koča,Slivniško Pohorje,24,Pohorje,,,,46.5015746,15.5553305
114310756,way,Portal,Zaloška cesta,110,Ljubljana,,,serbian,46.0558265,14.5467533
118965002,way,Gostilna Ančka,Delavska cesta,18,Šenčur,,,regional,46.2386851,14.4145955
119906984,way,Pizzerija Pod Jenkovo lipo,Dvorje,58,Cerklje na Gorenjskem,+386 4 2525200,https://www.podjenkovolipo.si/,pizza,46.259575,14.4901745
119912890,way,Mexicano Tunač,Grad,15,Cerklje na Gorenjskem,+3864 281 63 00,,,46.2631799,14.4934739
119913003,way,Kmečki turizem Pri Mežnarju,,,,,http://pri-meznarju.si,,46.2824497,14.4679892
119913070,way,Gostilna pod Krvavcem,Grad,28,Cerklje na Gorenjskem,+386 4 25 25 700,https://www.podkrvavcem.si/,,46.2700112,14.4922979
120465563,way,pizeria M.M.,Ulica heroja Mohorja / Hős Mohor utca,36,Lendava / Lendva,,,pizza,46.5585162,16.4559567
121102765,way,Hiša Aleš,Breg ob Savi,38a,Mavčiče,+386 4 20 10 130,https://www.hisaales.si,,46.2130838,14.3842863
121139545,way,Cesarsko mesto,Litijska cesta,76,Ljubljana,01 544 45 00,,chinese,46.0465424,14.5518846
121154254,way,Gostilna Divjak,Glaserjev trg,7,Hoče,+386 2 6185130,motel-divjak.eu,,46.499801,15.6490666
121410342,way,Gostilna Krištof,Predoslje,22,Kranj,+386 4 2341 030,,regional,46.2677079,14.3859096
122127644,way,Pizzeria Dal Forno,Moste,1E,Komenda,+386 59 813 885,https://www.dalforno.si/,regional;pizza,46.1918184,14.551109
122905766,way,Planinski dom Komenda,Podboršt pri Komendi,7g,Komenda,,https://www.planinskidomkomenda.si/,regional,46.2133843,14.5398884
123717094,way,Frajgraba,Vodole,1A,Malečnik,,,regional,46.5630424,15.6876998
130471195,way,Jamski dvorec,,,,,,regional,45.7827065,14.2040833
130661423,way,Labamba,,,,,,regional,45.5291452,13.603124
138307489,way,Kavarna Sputnik,Tržaška cesta,128,Ljubljana,01 423 23 72,https://www.sputnik.si/slo/pridi/,regional,46.039035,14.4697579
143763776,way,Špica,Ceste,2,Rogatec,,,,46.224141,15.7009472
144558763,way,Gostišče Felicijan,Radna,31,Boštanj,+386 7 8141612,https://www.slovenia.info/?gostilne=6776,pizza;regional,46.0066743,15.2919825
148811423,way,Pivovarna restavracija Emonec,Vanganelska cesta,20,Koper,+386 41 326642,https://www.emonec.eu/,pizza;regional,45.5278337,13.7391141
152003670,way,Restavracija Azija,Ptujska cesta,131,Maribor,+386 2 461 4361,https://tanggao.eu/,asian,46.5311746,15.6701722
153583180,way,Miyabi,Betnavska cesta,21,Maribor,023206938,https://miyabi.si/,sushi,46.5488409,15.6405681
153782070,way,Hotel Prunk,Partizanska cesta,117,Sežana,+386 (0)5 7380600;+386 (0)5 7380609,https://hotel-prunk.si/,pizza;regional,45.7020228,13.846752
156024044,way,MAK,Osojnikova ulica,20,Maribor,+386 2 620 00 53,https://www.restavracija-mak.si/,,46.5543751,15.6661943
158193298,way,PICAROLE ŠIŠKA,Kunaverjeva ulica,2,Ljubljana,+38664262000,,burger,46.0803524,14.4792623
159128804,way,Via Mala,Cesta XIV. divizije,73,,,,,46.5468465,15.6710776
163962230,way,Kitajska restavracija EMEI,Dupleška cesta,133,Maribor,+386 2 461 7811,https://www.facebook.com/Kitajska-restavracija-Sichuan-EMEI-413484628763823/,chinese,46.5318602,15.6955019
171404937,way,okrepčevalnica Valentin,Ptujska cesta,91,Pragersko,02 803 75 66,,,46.3966521,15.6803355
171505419,way,Gostilna Bor,Rogoška cesta,10,Rogoza,,,,46.5011739,15.6845735
172265907,way,Ošterija Klinec,Medana,20,Dobrovo v Brdih,,http://www.klinec.si,regional,45.9846867,13.5210363
172266162,way,Belica,,,,,,,45.9843858,13.5220408
172795338,way,Hiša Budja,Dupleška cesta,132,Maribor,+386 40 860 816,http://www.hisabudja.si/,,46.5315696,15.6951474
173743939,way,Okrepčevalnica Pizzeria Trsek,Radgonska cesta,8,Benedikt,+3862 720 55 03,https://www.pizzeria-trsek.si/jedilni-list/,pizza,46.6077582,15.8920148
175312563,way,Domačija Haler,,6,Podčetrtek,,https://www.haler-sp.si/,regional,46.144669,15.5768967
177269520,way,Mama India,Gornji trg,10,Ljubljana,,https://linktr.ee/mamaindiamenu,,46.0464379,14.5075772
180337554,way,Letni vrt,,,,,,,46.0551754,14.4820282
180337576,way,Gostilna Čad,Cesta na Rožnik,18,Ljubljana,,http://www.gostilna-cad.si,,46.0553774,14.4822682
180563251,way,Restavracija Kamin,Dobrava,1A,Izola,+386 5 6605666,https://www.belvedere.si/,,45.5311994,13.6343078
180644655,way,Piramida,Celovška cesta,55,Ljubljana,,,,46.0623585,14.4952559
180644661,way,Maharaja,Vodnikova cesta,35,Ljubljana,,https://www.maharaja.si/,indian;nepalese,46.0655227,14.490775
180893414,way,Ginko Asia,Tržaška cesta,18,Ljubljana,,,asian,46.0456932,14.4895991
181286735,way,Pizzeria Hombre,Gerbičeva ulica,61,Ljubljana,,,,46.0392145,14.4870716
181337889,way,Turistična kmetija / Agriturismo Mlin,Cesta med vinogradi,44,,,http://www.kmetijamlin.si/,,45.5508274,13.7871415
181471921,way,Picerija Fedrig,Volaričeva ulica,11,Kobarid,,,,46.2462908,13.5792534
181562547,way,Gostilna Istra,Trg Republike,1,Izola,+386 31 384243,,,45.5367796,13.6599526
181562548,way,Casa della Pizza,Dantejeva ulica / Via Dante,4,Izola,+38630742333,https://www.casadellapizza.si/,pizza,45.5342849,13.6583163
181562551,way,Parangal,Sončno nabrežje,20,Izola,+386 5 6417440,www.parangal.si,,45.5375149,13.65762
181562553,way,Gostilna Sidro,Sončno nabrežje,24,Izola - Isola,,,,45.53779,13.6573091
181589932,way,Gostilna Sonja,Morova ulica,6a,Izola - Isola,,,,45.5310001,13.6508694
181590037,way,Gostišče - Pizzerija Kanava,,,,,,,45.542162,13.6759462
181590038,way,Gostilna Trattoria Jasna,Jagodje,24A,Izola,+386 5 641 83 54,,seafood,45.5288616,13.6381316
181590040,way,Restavracija Garuža,,,,+386 5 6417444,,,45.5331746,13.652705
181590042,way,restavracija Marina,,,,,,,45.5391503,13.6568935
181590043,way,Okrepčevalnica Morski Val,Veliki trg,10,Izola,+386 41 415604,,barbecue;fish;noodles;pizza,45.5390885,13.6572118
181590044,way,Okrepčevalnica Beach Garden,Morova ulica,17,Izola,+386 40 195591,,pizza,45.5305475,13.6508151
181595115,way,Okrepčevalnica-gril Pri Perotu,Gorkijeva ulica,6,Izola,+386 31 384163,,fish;regional,45.5363867,13.6594306
181595124,way,Gostilna Pizzerija Na Livadi,Prešernova cesta,23a,Izola,,,regional;pizza,45.5326129,13.6613399
181595125,way,Pizzeria - Bar Extra,Cankarjev drevored / Viale Ivan Cankar,58,Izola,+386 31 656300,,pizza,45.5367742,13.6646421
182100348,way,Pri Škofu,Rečna ulica,8,Ljubljana,+386 1 426 45 08,,balkan,46.0441742,14.5042311
182578910,way,Gostilna Ledinek,Šmarna gora,4,Ljubljana - Šmartno,,,,46.1295408,14.4637646
182955184,way,Gostilna Lovenjak,Polana,40,Murska Sobota,+386 2 525 21 58,https://lovenjakov-dvor.si,regional,46.6825135,16.1386619
185721731,way,"Gostilna ""Pod Lipco""",Stožice,26,Ljubljana,,,,46.08614,14.5213503
187145971,way,Cantante Tabor,Ulica Pariške komune,37,Maribor,+386 2 331 2989,https://cantante.net/,,46.5485807,15.643101
188991937,way,Avio Pub,Rakitnik,1a,Prestranek,+386 5 720 13 10,https://aviopub.si/,regional;pizza;steak_house;pasta;italian;wine_bar,45.7497735,14.1943626
189488850,way,Turistična kmetija Dreisiebner,Špičnik,2,Zgornja Kungota,+386 2 656 0777,http://www.dreisiebner.si,,46.6706857,15.5512018
193801840,way,Marche,,,,,,,45.8546636,15.6863945
194453038,way,Restavracija Idila,Padna,1,Sečovlje,+386 5 672 50 24,https://www.idila.org/,regional,45.4816771,13.6771605
194453624,way,Trije Lovci,,,,,,regional,45.5085574,13.704998
195014827,way,Pizzerija Amico,Bač pri Materiji,4,Materija,,,,45.5795309,13.999792
196538935,way,Rondo,Planinska cesta,3,Sevnica,,,burger;pasta;pizza;regional,46.0131374,15.2983076
196965894,way,Brič,Dekani,3b,Dekani,,,,45.5553228,13.7916991
197399535,way,Radha Govinda,Žibertova ulica,23,Ljubljana,+386 59 058 381,http://radhagovinda.si/,indian,46.0630142,14.498934
197537547,way,Pance Top,Pance,21A,Šmarje - Sap,+386 1 7868053,,,45.9909959,14.6661827
204249759,way,Republika Palma de Popo cafe,Kopališko nabrežje / Riva dei Bagni,,Koper / Capodistria,,,,45.549492,13.7255783
205453343,way,Gostilna in Motel pri Lešniku,Dupleška cesta,49,Maribor,,https://www.prilesniku.com/,regional,46.5385891,15.6864441
205477376,way,Gostilna Šelih,Ulica borcev za severno mejo,7,Maribor,+386 2 320 3430,https://www.facebook.com/gostilnaselih/,,46.5480841,15.6569269
205759077,way,Hiša Denk,Zgornja Kungota,11a,Zgornja Kungota,,http://www.hisadenk.si/,,46.6383015,15.6146465
205759087,way,Bistro Marco,Zgornja Kungota,10c,Zgornja Kungota,+38670620459,,,46.6387716,15.6136141
205988497,way,Gostišče Cimi,,19,Kozina,,,,45.6195413,13.9089839
206282758,way,Gostišče pri Janezu,Ciril Metodova ulica,4,Maribor,,,regional,46.5571918,15.6262591
207113591,way,Mostec,,,,,,,46.0629219,14.4791401
207113592,way,Mostec,Matjanova pot,23,Ljubljana,01 517 10 67,,,46.0629249,14.4793057
207300398,way,Gostilna Eder,Sv. Ana v Slov. goricah,16,Sv. Ana v Slov. goricah,,,regional,46.6473273,15.8434824
208160219,way,Okrepčevalnica na Sv. Primožu,Črna pri Kamniku,26,Stahovica,,,,46.2691405,14.6337072
214473962,way,RG Bistro,Jurkovičeva ulica,29,Gornja Radgona,+386 2 564 85 49,https://meni.poskeniraj.si/rg_bistro/#Welcome,,46.6831736,15.9866433
214776392,way,Pri Jurju,Kamniška Bistrica,5,Stahovica,+3861 832 55 47,,,46.3264261,14.5873221
214810889,way,Kraljev hrib,Kamniška Bistrica,2,Stahovica,+386 41 816 477,https://www.kraljevhrib.si/,regional,46.3051886,14.6110713
214855170,way,"Tiflis, gruzijska restavracija",Karlovška cesta,5,,,https://tiflis.si/,georgian,46.0448108,14.5104337
216975394,way,Familie Tertinjek,,57,Schloßberg,,http://www.tertinjek.at,,46.6474151,15.4230983
217570615,way,Leskovački Žar Kordun,Perovo,,,,https://www.kordun.si/,,46.2088515,14.6057542
217598473,way,Gostilna in pizzeria s prenočišči Herman,Kolodvorska cesta,39,Pivka,+386 5 757 10 95,https://pizzeria-herman.com/,pizza,45.6740601,14.1911475
217965926,way,Kaliska B&B Hotel,Močna,4,Pernica,+386 51 300 090,http://www.kaliska.si/,,46.5660097,15.7697365
218559236,way,Osmica pri Krčarju (Osmica Pahor),,3,Kostanjevica na Krasu,,,regional,45.8238851,13.6182241
219824184,way,Gostilna pri Kranjcu,Hrib,11,Vrhnika,,,regional,45.9609715,14.2889097
220373648,way,Pizzerija Fuoriseria - Pizze Napoletane,Šared,28d,,+38659026115,https://www.facebook.com/pizzeria.fuoriseria/,pizza,45.510947,13.6539787
222971738,way,Gostilna Vrabec,Slivna,18,Vače,,,regional,46.1221096,14.8152964
223331793,way,Gostilna Piramida,Bratonci,88a,Beltinci,+3862 542 10 73,https://www.facebook.com/pages/Piramida-Bratonci/478576575619227,,46.6156049,16.2130669
225016207,way,Gostišče Trattoria Turk,Cesta med vinogradi,34,,,,regional;fish,45.5485439,13.7874036
225385676,way,Gostilna na Razpotju,Gašperšičeva ulica,1,Ljubljana,,,,46.0536759,14.5541492
226408068,way,Novi Svet,Slomškov trg,5,Maribor,+386 2 2500486,,fish,46.5588022,15.6456127
226842227,way,Okrepčevalnica pri Zaliki,Ulica Zlatke Karer,4,Miklavž na Dravskem polju,,,regional,46.510857,15.6913511
227062758,way,Pizzeria Čebelica,Valvazorjeva,2,Izlake,+386 3 5674137,,pizza,46.1491089,14.9249029
228362233,way,Picerija na deželi,Velika Polana,124c,Velika Polana,,,pizza,46.5676164,16.3424056
231254985,way,Gostilna na Prevalu,Skalniška cesta,14,Solkan,,,,45.9859135,13.6614134
231258284,way,Pr' Novak,Slape,52,Ljubljana - Polje,,,,46.0502848,14.5783038
232878274,way,Pri ŠPANČKU,Kočevska cesta,4,Škofljica,013666032,,,45.9838637,14.5746333
233902800,way,Gostilnica pri mostu,Zaloška cesta,291a,Ljubljana,,,,46.0618211,14.6193007
234590663,way,Gostilna NANOS,Razdrto,27,Razdrto,+386 5 7577002;+386 31 313898,,,45.7567484,14.0600606
235933478,way,Fioret,,,,,,,45.4866965,13.5978878
237313415,way,Brunarica Sonček,Ambrož pod Krvavcem,71,Cerklje na Gorenjskem,,,,46.2970415,14.5219863
238179649,way,Okrepčevalnica Brod,,,,,,regional,46.6956591,15.7197442
240525432,way,Kužina Stara šola,Korte,74,Izola - Isola,+386 31 375 889,,,45.4890904,13.6625353
240882394,way,Restavracija Arboretum,Volčji Potok,43g,Radomlje,+386 1 839 54 56,http://www.restavracija-arboretum.si,regional,46.1959747,14.6141134
241133861,way,Gostilna Šiker,Močna,7,Pernica,+386 2 720 69 21,https://www.siker.si/,,46.5680524,15.7686148
243530467,way,Gostilna Stara Pošta,Podkraj,100,Col,+386 5 3668444,https://www.gostilna-staraposta.com/,,45.8634757,14.1116499
244541988,way,Restavracija Pristan,Šaranovičeva cesta,18,Domžale,,https://www.restavracija-pristan.si/,fish,46.1485284,14.6095585
244657655,way,Gostilna Pri Čotniku,,22,Divača,+386 5 7638043,,regional,45.6785596,13.9817075
246211491,way,Kmečki turizem Obolno,,,,+386 1 78 77 450,,,46.0041635,14.7800063
246794741,way,Gostilna pri Martinu,Kolodvorska ulica,25,Slovenska Bistrica,,,regional,46.391232,15.5777834
246817915,way,Hotel Krona,Ihanska cesta,2,Domžale,,https://www.hotel-krona.com/,,46.1350848,14.6056161
248596239,way,Turistična kmetija Škerlj,,53a,Dutovlje,,,regional,45.7565612,13.8516183
249503053,way,Bormes,Golo Brdo,9,Medvode,,,,46.1028859,14.4250274
249525706,way,UFO Food & Drinks,Svetčeva ulica,14,Ljubjana,+38659118812,https://meni.poskeniraj.si/ufo/en/index.html,,46.0511087,14.4865824
249528322,way,Gostinstvo Klopčič,Litostrojska cesta,57,Ljubljana,+38615152525,,ice_cream,46.0819757,14.4920694
250766070,way,Julči,Zelena pot,,Ljubljana,,,,46.0402531,14.4967504
251472106,way,Okrepčevalnica Žibert,Tacenska cesta,118,Ljubljana,,,,46.1161295,14.4620124
251472149,way,Gostilna Košir,Tacenska cesta,142,Ljubljana - Šmartno,,https://www.gostilnakosir.si/,local,46.1178275,14.4621458
251560026,way,Pizzerija Čuk,Pok k Pivki,4,Postojna,,,pizza,45.7746874,14.2089807
251922245,way,Ošterija,,79a,Branik,,,italian;pizza;regional,45.858074,13.7896591
251945357,way,Gostilna pri hrastu,Kromberška cesta,2,Nova Gorica,+386 5 302 72 10,https://prihrastu.si/,regional,45.9576345,13.6570789
252826562,way,Bistro Križišče,Obrežje,5,Radeče,,,,46.0643295,15.1913867
254642701,way,Villa Prešeren,Veslaška promenada,14,Bled,,,,46.3696925,14.105365
255568880,way,Gostilna Metuljček,Gederovci,11c,Tišina,+3862 546 28 10,http://www.gostilna-metuljcek.si,regional,46.6800105,16.050345
255720301,way,Gostilna Vöröš,Sodišinci,26,Tišina,+386 2 546 28 00,,,46.6782311,16.0452291
256130250,way,Picerija Medo bar,Tacenska cesta,169,Ljubljana - Šmartno,,https://sites.google.com/site/medobarpizzeria/home/delovni-cas,pizza,46.1203876,14.4654096
256191115,way,Gostilna-Picerija Ajda,Cankova,33,Cankova,,,,46.7188435,16.0203099
256987175,way,Pri Konfinu,,,,,,regional,46.2185087,13.5000548
258478915,way,Pizzerija Garaža,Dolenjska cesta,55,Ljubljana,014274509,,pizza;coffee_shop,46.034283,14.5263364
259413016,way,Gostilna Bizeljčan,Šmartno,5,Ljubljana - Šmartno,+3861 511 61 04,,,46.1249473,14.4764152
261452350,way,Beli labod 2,Jurčkova cesta,7,Ljubljana,+386 1 428 0670,https://www.belilabod.com/,chinese,46.0325604,14.5151603
262021213,way,Na Burji,Istrska ulica,38,Kozina,,,regional,45.6047332,13.9308495
262640349,way,Gostilna Soklič,Zalog pod Sveto Trojico,1,Dob,,,regional,46.1375742,14.6775478
262763776,way,Hiša Jerin,Jurčkova cesta,101,Ljubljana,012801126,https://www.gostilnajerincek.si/,,46.0283023,14.5247025
263858829,way,Pizzerija Urša,Črnavska pot,5,Preddvor,,,pizza,46.3032032,14.4231995
263935618,way,Tomi,,,,,,,45.5167399,13.5925503
263954635,way,Dom na Sabotinu,,,,,,,45.9910271,13.6314371
264193735,way,Kavka,Drtija,22A,Moravče,,,,46.1256091,14.7591038
264203998,way,Gostilna nad Logom,Cesta heroja Vasje,13,Moravče,,,,46.1308686,14.7487413
265241212,way,GROF,Čeplje,12,Vransko,+386 05 923 37 85,https://grof.eu/en/grof-restaurant,pizza;regional,46.2498758,14.9767583
265350426,way,"Gostilna ""Oljka""",Vanganel,40,Koper,,,regional;italian,45.5166012,13.7714111
266281468,way,Kitajska Panda & Sushi,Prušnikova ulica,104,Ljubljana - Šentvid,+38671648664,,chinese;japanese,46.0979315,14.4646448
266888904,way,Pizzerija Vinja,Štula,13,Ljubljana - Šentvid,,,,46.0964637,14.4681972
267156813,way,Gostilna Gustl,Zbilje,21f,Medvode,+386 031 488 058,,,46.1558548,14.411881
267473715,way,Stara pumpa,Prušnikova ulica,56,Ljubljana - Šentvid,,,,46.0954614,14.4683264
269316748,way,Okrepčevalnica na Zavrhu,Sv. Trojica,10a,Dob,,,,46.1212819,14.6760985
271097090,way,Drava center,Limbuško nabrežje,2,Limbuš,,https://www.dravacenter.si/,regional,46.5639883,15.5904805
271982722,way,Gostišče Loka,Zupančičevo sprehajališče,2,Novo mesto,+386 7 3321108,http://gostisce-loka.si,,45.8047813,15.1615306
272741993,way,Gostilna Žibert,Celovška cesta,335,Ljubljana - Šentvid,+386 1 5076230,,regional,46.0890626,14.4719249
272822080,way,Gostilna pod vrbo,Ziherlova ulica,36,Ljubljana,+386 1 2808892,www.podvrbo.si,regional,46.0407602,14.5033781
274104953,way,Pizza Sedmica,,,,,https://www.pizzasedmica.si/,pizza,46.1575458,14.4239248
274456106,way,Koča v Starem malnu,,,,,,,45.9584822,14.2489956
274456117,way,Gostilna Mesec,,,,,,,45.9534134,14.2274668
274741296,way,Pri Slovenki,Vregova ulica,1a,Ljubljana,,,regional,46.0493858,14.4509634
275876791,way,Gostilna Gurman,Cesta na Loko,28,Ljubljana,,,,46.0359632,14.5020656
276087125,way,Gostilna Jarh,Ulica bratov Komel,43a,Ljubljana - Šentvid,01 512 28 78,,,46.0974487,14.4746388
277411164,way,Gostilna Anderlič,Za kalvarijo,10,Maribor,+386 2 234 3650,http://www.gostilna-anderlic.si,regional,46.5719108,15.6423857
278209355,way,Gostilna Koblarjev zaliv,Na otok,20,Maribor,+3862 229 95 50,,regional,46.5654536,15.6191436
279799419,way,Tradicionalna grška taverna LYRA,Zavetiška ulica,6,Ljubljana,,,greek,46.0420989,14.4805501
279799431,way,Picerija Laterna,Tržaška cesta,79a,Ljubljana,,,pizza,46.0422718,14.4792154
280206928,way,Pivovarna in pivnica Adam Ravbar,Perkova ulica,17,Domžale,+386 1 7295505,http://www.pivnica-adamravbar.si/,pizza;regional,46.149067,14.5934484
284836806,way,Mensa,,,,,,,45.4769372,13.6284124
285234644,way,Pri Maricki,,,,,,regional,45.4830656,13.6236199
287479369,way,Gostilna Jelkin Hram,Drežnica,30,Kobarid,+386 41 953 370,https://www.jelkin-hram.com/,local,46.2570465,13.6126547
288150812,way,Gostilna Dule,Batuje,1e,Črniče,,,,45.8941131,13.7819121
289330675,way,Gostilna Heric,Sveti duh na Ostrem vrhu,47,,,,,46.6146933,15.4619248
289330676,way,Izletniška kmetija Vališer,Sv. Duh na Ostrem vrhu,35,Sv. Duh na Ostrem Vrhu,,https://izletniska-valiser.edan.io/,,46.6143313,15.4649972
294084806,way,Turistična kmetija Gonte,Setnica - del,9,Medvode,,,regional,46.0894512,14.3326057
295269741,way,Kuhinja gostov Mladinske Knjige,Fiesa,18,Piran,,,,45.5247121,13.5786137
296088356,way,Gostilna Špindler,Jurovski Dol,3,Jurovski Dol,,,regional,46.6069745,15.7852522
296618318,way,Okrepčevalnica in pizzerija Malibu Kapca,Glavna ulica / Fő utca,15,Lendava / Lendva,+386 2 578 12 75,https://www.facebook.com/MalibuKapca/,regional;pizza,46.5532549,16.3777339
296844668,way,Gostilna na Gmajni,Razkrižje,21b,Razkrižje,+386 2 589 12 10,,regional;pizza,46.5237511,16.2753894
297000243,way,Okrepčevalnica Žabjek,Žižki,78,Črenšovci,,,,46.5738518,16.3085272
297003691,way,Okrepčevalnica Ignac Horvat,Ulica Prekmurske čete,13,Črenšovci,+3862 5737253,,,46.5672633,16.2948985
297004475,way,Gostilna Jaklin,Ulica Prekmurske čete,22,Črenšovci,,,regional,46.5693075,16.2929994
297176357,way,Gostilna Olaj,Gančani,1c,Beltinci,+38625421197,,regional,46.6260298,16.2487592
297245740,way,Origano,Cesta na Vrhovce,4,Ljubljana,,,pizza,46.0414563,14.4606869
298103893,way,Gostilna ob Črncu,Ravenska ulica,64A,Odranci,+38625737370,,regional,46.5817247,16.2704302
298409695,way,Bella Venezia,Mlinska ulica / Malom utca,6g,Lendava / Lendva,+386 2 5774000,,,46.5618274,16.4521021
298585488,way,Bistro na meji,Glavna ulica / Fő utca,173,Lendava / Lendva,+38625761533,,,46.5951954,16.4601551
298823925,way,Pizzeria Sonček,Tomačevo,33,Ljubljana,,,,46.0804368,14.5345165
298905496,way,Picerija Nekropolis,,,,,,pizza,46.25595,15.1211292
301623153,way,Gostilna Tavčar,Cesta v Šmartno,7,Ljubljana,+3861 546 69 70,,,46.0754284,14.5593797
303633972,way,Gostilna Kovač,Pot k Savi,9,Ljubljana,,,,46.0816926,14.5348459
304008911,way,Kramarjev Hram,Gabrje,20a,Dobrova,,,regional,46.0727764,14.39957
305053841,way,Gostilna Baranja,Nemčavci,1a,Murska Sobota,+38641 922 007,,,46.6713764,16.1798817
305227876,way,Pizzeria Royal,Prešernova ulica,1,Murska Sobota,+3865351320,https://www.facebook.com/pizzerijaroyal/,pizza;mediterranean;italian_pizza,46.6576082,16.1583591
305789808,way,Pavza Sarajevski gril,Tržaška cesta,200,Ljubljana,,,balkan;regional,46.034647,14.4549789
306462455,way,Lovski dom Stol,Moste,68e,Žirovnica,,,regional,46.410236,14.1387436
307597337,way,Arena,,,,,,regional,46.532213,15.602901
307737241,way,Gostilna Pri Kovaču,Cesta II. grupe odredov,82,Ljubljana-Dobrunje,01 542 95 77,,,46.0314878,14.6045749
308584134,way,Gostilna Marič,Sebeborci,46A,Martjanci,+38625381490,https://www.gostilna-maric.si/jedilni-list/,regional,46.7074529,16.1995405
308736854,way,Gostilna Florjančkov hram,Dunajska cesta,238,Ljubljana,01 568 38 59,,,46.0939752,14.5156787
309788289,way,gostišče pri Ančki,Ižakovci,120,Beltinci,,,,46.5871895,16.2100487
309791891,way,Zvezda Beltinci,Panonska ulica,12,Beltinci,,https://www.facebook.com/Pizzeria-Zvezda-Beltinci-209243829103445/,regional;pizza,46.6080305,16.2345594
309973469,way,Klub Gurmanov Skaručna,,20b,Vodice,+386 51 666566,,,46.1530179,14.4846805
310050183,way,Gostilna Maček,Spodnje Gameljne,28,Ljubljana,+3861 563 23 48,https://www.gostilnamacek.si/,,46.1232706,14.502833
310211470,way,Zajčja dobrava,"Novo Polje, cesta III",27,Ljubljana - Polje,+386 64 127137,,,46.0642011,14.5893465
310575904,way,Restavracija Marinada,Stegne,13C,Ljubljana,,,regional,46.0851899,14.4844851
311119097,way,Pizzeria Etna,Ulica Marije Hvaličeve,6,Ljubljana,,,,46.073063,14.4502334
311450259,way,Dobra Hiša,Stegne,11a,Ljubljana,,https://ap-gost.si/,,46.0835606,14.4841366
313037608,way,Gostišče L'armonia,Spodnja Ložnica,51,Slovenska Bistrica,02 8430 222,,,46.3780461,15.5510632
313108702,way,Lovska koča picerija GAMS,Zgornja Bistrica,25,Slovenska Bistrica,+386 2 843 0999,https://www.picerijagams.si,,46.3963221,15.5416832
313109326,way,Gostilnica Polenta,Ljubljanska cesta,73,Slovenska Bistrica,+38641 922 393,,,46.38454,15.5660402
313140368,way,Gostišče Golob,Bukovec,1,Zgornja Polskava,+386 2 8452245,https://gostisce-golob.si/,regional,46.43043,15.6263415
313710939,way,Gostilna Križan,Spodnja Ščavnica,20,Gornja Radgona,+386 2 564 9515,,,46.651741,15.9245949
314655513,way,Gostilna Miklavčič,Velike Bloke,14,Nova Vas,,,regional,45.7859441,14.4795501
314839419,way,Okrepčevalnica Fani,Ropretova cesta,9,Mengeš,,,,46.1601032,14.5651612
315470173,way,Gostilna-Pizzeria Nona,Lendavska ulica,73,Murska Sobota,,https://nona.si/,pizza,46.6670479,16.176353
315683404,way,Kongo hotel & Casino,Ljubljanska cesta,65,Grosuplje,,https://www.kongo.si/,,45.9678558,14.6567023
315690954,way,Prehrana in bar VO-KA,Vodovodna cesta,90,Ljubljana,,,,46.0753554,14.5042728
316253204,way,Gostilna Škafar,Mostje / Hidvég,87,Lendava / Lendva,02 578 95 95,,,46.6091318,16.412411
316258629,way,Pri Urošu,Dobrovnik / Dobronak,277A,Dobrovnik / Dobronak,02 579 11 47,,,46.6555446,16.342661
316260831,way,Gostilna pri Lujzi,Dobrovnik / Dobronak,273A,Dobrovnik / Dobronak,+386 2 579 90 06,,,46.6553156,16.3420496
316271070,way,Gostišče Slovan,Vransko,54,Vransko,03 572 54 30,,,46.2451265,14.9527868
316498133,way,Restavracija sport.s,Razlagova ulica,27,Murska Sobota,+386 31 302 203,,regional;seafood;pizza;local;mediterranean;ice_cream;grill;burger;barbecue,46.6659834,16.15677
316738371,way,Gostilnica Domin,Nova Vas,5,Nova vas,,,american;pizza;regional,45.7732332,14.5062121
316740952,way,Gostilna in Pizzeria PORTUS,Unec,19,Rakek,,,,45.8199028,14.2899966
317688849,way,Pri Amerikancu,Tišinska ulica,14,Murska Sobota,+3862 521 15 05,,regional,46.6547539,16.1505178
318318838,way,Gostilna in picerija Harlekin,Gorenjska cesta,21,Ribnica,018361532,http://www.harlekin.si/,pizza;regional,45.7420202,14.7242932
318783409,way,Gostilna Koral,Spodnje Dobrenje,45,Pesnica pri Mariboru,,,,46.6065059,15.661141
318918934,way,Pogača,Pokopališka ulica,34,Ljubljana,,,barbecue;pancake,46.0630726,14.5316962
318990408,way,Gostilna Horvat Z.,Gornji Petrovci,91A,Petrovci,,,,46.8179959,16.2044956
319161640,way,Gamsov raj,Bašelj,31,Preddvor,,https://www.gamsovraj.com/,,46.3221786,14.3976834
319828804,way,Jelenov Greben,Olimje,,Podčetrtek,,,,46.1469661,15.5603537
319835584,way,Taverna HUBER,Cankarjeva ulica,56,Murska Sobota,+386 2 530 00 65,,regional,46.6581688,16.1586948
320040862,way,Gostilna Maratonec,Kamniška ulica,28,Ljubljana,,,regional,46.0689951,14.5018019
320437431,way,Okrepčevalnica Skala,Šmarje pri Sežani,28b,Sežana,+386 5 7302410,,pizza,45.7233395,13.8675046
320687140,way,Gostilna Vidrgar,Vidrga,4,Vače,,,,46.136064,14.8639138
320984318,way,Gostilna Vegov Hram,Dolsko,57,Dol pri Ljubljani,,,,46.093452,14.6781922
320984964,way,Gostilna pri Žerjavici,Dolsko,16,Dol pri Ljubljani,,,,46.091697,14.674575
321306212,way,Hrvatova domačija,,64,Rogašovci,041627177,https://hrvatovadomacija.si/,,46.8005392,16.0226966
321829038,way,Gostilna Vrtnica,Zgornje Konjišče,2,Apače,,,,46.7062318,15.8126844
322015764,way,Pizzeria Elba,Zadobrovška cesta,67c,Ljubljana - Polje,01 780 60 92,,,46.0686412,14.5811758
322858627,way,Restavracija Sonce,Celjska cesta,9,Rogaška Slatina,,,,46.2393986,15.6329692
322971366,way,Turistična Kmetija Blaž,Dobeno,9,Mengeš,,,regional,46.1388056,14.5272001
323122744,way,Gostilna Pečnikar,Šentjakob,47,Ljubljana - Črnuče,+386 1 562 60 56,https://gostilna-pecnikar.si/,,46.0905209,14.5791283
323122848,way,Gostilna Pečnikar,,,,01 562 60 56,,,46.0907026,14.5787986
323461305,way,Gostilna pri Zori,Kompolje,36,Videm - Dobrepolje,,,,45.8172396,14.7139522
323471881,way,Kitajska restavracija Chang,Cesta Marežganskega upora,13,Koper,,,asian,45.5300221,13.7376539
323773639,way,Pod Lipco,Ledina,8,Bovec,,https://m.enjoi.si/xOGKleEyel102,regional,46.336023,13.5581159
324010908,way,Restavracija MAK,Grajzerjeva ulica,29,Ljubljana - Polje,,,,46.0494277,14.5943448
324020936,way,Pizzeria Luigi,Dunajska cesta,173,Ljubljana,+38615651381,,,46.0848049,14.5134979
324169965,way,Gostilna Ruski car,Dunajska cesta,217,Ljubljana,+3861 534 97 27,,,46.0907878,14.5134546
324266231,way,Hinoki - sushi in kitajska restavracija,Dunajska cesta,452,Ljubljana - Črnuče,01 537 44 93,https://www.hinoki.si/,japanese;chinese,46.1045121,14.5383693
324330629,way,Gostilna Matjašec,Ulica Štefana Kovača,91,Turnišče,+386 2 573 51 36,,,46.6257946,16.3132464
324768705,way,Gostilna pri Strahu,Dolenjska cesta,427,Škofljica,,,,45.9915246,14.5647239
325467474,way,Marché Gostinstvo,Koseskega cesta,1a,Lukovica,,,international,46.1675532,14.694956
325682568,way,Gostilna Pečarič,Pod jezom,47,Ljubljana,,https://www.pecaric-sp.si/o-nas/,regional,46.0447899,14.4512621
326923460,way,Gostilna Cizej,Malteška cesta,26,Polzela,,,,46.2790424,15.0790195
327072329,way,Veliki Hong Kong,Gameljska cesta,1,Ljubljana - Črnuče,,,chinese,46.1017696,14.5192866
327102681,way,Gostilna Rekar,Zasavska cesta,13,Kranj,,,,46.2244046,14.3598029
327129553,way,Ribiški Dom,Kolodvorska ulica / Vasut utca,7a,Lendava / Lendva,0590 55850,,regional,46.558487,16.451707
328318584,way,Gostišče Krpan,Cesta na Krko,16,Grosuplje,,,,45.9531316,14.6610177
328437582,way,Pizzeria Agata,Vrtna ulica,7,Lenart v Slov. goricah,,,pizza,46.5687571,15.8367916
328516905,way,Gostilna Kosi,Rihtarovci,8,Radenci,,,,46.6330852,16.0559145
328532150,way,Gostilna Pri Antonu,Jamna,10,Sv. Jurij pri Ščavnici,025681173,https://www.priantonu.com/lokacije/sveti-jurij-ob-scavnici/,,46.5646417,16.0233375
328674774,way,Gostilna Gergjek,Tišina,5a,Tišina,02 546 10 07,,,46.6543564,16.0930533
328826514,way,Gostišče Kuzmič,Sveti Jurij,10,Rogašovci,+38625571087,,,46.7976254,16.0366031
329177714,way,Gostilna Ravnikar,Čatež,15,Velika Loka,+386 7 3489029,,,45.9696211,14.9634996
329462863,way,Gostišče Jezersko,Zgornje Jezersko,125a,Zgornje Jezersko,,,regional,46.4038513,14.5156425
329617226,way,okrepčevalnica San Sebastiano,Kristan Vrh,38b,Podplat,,,,46.2217019,15.5756864
329945563,way,Kitajska restavracija ZLATA RIBICA,Gorenja vas - Reteče,12,Škofja Loka,+386 45 021 808,https://www.zlataribicaretece.si/,chinese,46.1570668,14.3731237
329972044,way,Gostilna Bencak,Cesta komandanta Staneta,1,Medvode,01 361 23 49,,,46.1383626,14.4123301
330637253,way,Kongo,Savlje,101,Ljubljana,01 537 28 94,,gril_na_vrtu,46.0958335,14.4979592
330857768,way,Pizzerija Klementina,Pungert,20,Škofja Loka,04 513 20 98,,,46.1547192,14.3395024
331055305,way,Koča na Žavcarjevem vrhu,Zgornji Slemen,27A,,,,,46.5997664,15.5268991
331072913,way,Okrepčevalnica Šarenac,Srednje,19A,Bresternica,,,,46.5729212,15.5686478
331072987,way,Okrepčevalnica Pajtler,,,,,,,46.6185439,15.5658634
331452947,way,Pizzeria Kocka,Finžgarjeva ulica,18,Medvode,,,,46.1468255,14.4092395
331453837,way,Vegan Fresh,Gorenjska cesta,13,Medvode,,,,46.1465297,14.4100983
331675265,way,Gostilnica Jezero,Jezero,79a,Preserje,+386 51 835 749,https://gostilnica-jezero.si/,pizza;italian;regional,45.9694016,14.4316685
331747343,way,Gostilna Kavčič,Podpeška cesta,18,Brezovica pri Ljubljani,+386 1 365 33 53; +386 41 818 936,https://www.gostilna-kavcic.si,,46.0208787,14.4156846
331748687,way,Kašča Mrlačnik,Podpeška cesta,22a,Brezovica pri Ljubljani,+386 1 3657572; +386 41 818 936,https://www.kasca-mrlacnik.si/,,46.0201244,14.415546
331793175,way,Gostilna Luzar,Škocjan,68,Škocjan,+386 7 3077620,,,45.9081827,15.2913036
331888598,way,Pepino,Rakovnik,20,Medvode,,,,46.1428901,14.3884449
331890475,way,Legastja,Trnovec,9,Medvode,,,,46.1077911,14.3499623
332100749,way,Restavracija Evergreen,Smlednik,200,Smlednik,,,,46.1508543,14.4461524
332211550,way,Restavracija Vnukec,Ob Blažovnici,86,Limbuš,+386 2 614 22 00,,regional,46.5479476,15.5712927
332215730,way,Pri Magdi,Limbuška cesta,44,Limbuš,+38626131420,,,46.5560464,15.5806558
332611468,way,Gostilna Zorko Dušan,Boreci,5h,Križevci pri Ljutomeru,+3862 588 82 27,https://gostilna-zorko.si/,,46.5628562,16.1441218
332712497,way,Picerija Grmač,Podbrezje,128,Naklo,04 5306210,,pizza,46.3000538,14.2738448
333170177,way,"Hotel, restavracija, picerija Tripič",Triglavska cesta,13,Bohinjska Bistrica,,http://www.hotel-bohinj.si,pizza;regional,46.2718622,13.9553108
333283245,way,Gostišče Aleksander,Rumičev breg,83,Moravske Toplice,+3862 548 19 65,https://gostisce-aleksander.net/,,46.7096576,16.2475722
334544034,way,Gostilna in pizzeria Boccaccio,Podgorica,21,Ljubljana - Črnuče,,,,46.0898986,14.5821965
334728911,way,Gostilna Čot,Kočevska cesta,140,Škofljica,041 221 603,,,45.9540916,14.5741745
334759738,way,Gostilna Slamar,Ljubljanska cesta,101,Šmarje-Sap,,,,45.97191,14.6238345
334760176,way,Pizzeria Brajda,Ljubljanska cesta,61,Šmarje-Sap,01 787 56 66,,,45.9746425,14.6169378
335045097,way,Gostilna Spirić,Zadružna ulica,2,Černelavci,,,,46.667856,16.1368565
335526260,way,SKLEDNIK + IKA,Strojarska ulica,16,Žiri,,,,46.0479634,14.1070707
335550856,way,Gostilna Pri hribu,Povir,66a,Sežana,+386 5 7346222,,regional,45.6982302,13.9318249
335602583,way,Gostilna Kasač,Trg Slavka Osterca,5,Veržej,02 588 82 82,,,46.5813694,16.1626681
335806171,way,Gostilna Lipot,Banovci,11,Veržej,,,,46.571038,16.1651134
335975718,way,Na Jasi,Bodonci,36A,Bodonci,,,,46.7552635,16.0966316
336114806,way,Okrepčevalnica pri belem križu,Kruplivnik,1,Grad,+3862 553 10 77,,,46.7823303,16.0783133
336803764,way,Gostišče pri Antonu,Cerkvenjak,28,Cerkvenjak,+386 2 729 50 50,,,46.5658976,15.9429361
337060842,way,Gostilna Vreča Manfred,Križevci pri Ljutomeru,10,Križevci pri Ljutomeru,+3862 587 14 39,,,46.5631729,16.1397626
337313493,way,"Picerija Grča, Pri Mihcu",,,,,,,45.932193,14.6551064
338136285,way,Majerija,Slap,18,Vipava,+386 5 3685010,https://www.majerija.si/,regional,45.8421812,13.9294278
338449396,way,Gostilna Ribnik Damjan Golob s.p.,Raztez,1A,Brestanica,+386 41 358 307,,regional;seafood,46.0054151,15.4974421
338470941,way,Gostilna Muha,,138,Lokev,+386 5 7670055,https://www.gostilna-muha.com/,regional,45.661012,13.9288004
338707934,way,Gostilna Pav,Ulica Rakovške čete,6,Rakek,01 705 25 63,http://www.pav.si/,,45.8096687,14.3297171
338786744,way,Falkenau,Mahovnik,90,Kočevje,01 893 18 50,,regional,45.6552406,14.8457298
339022309,way,Gostilna Švarc,Radehova,25,Lenart,,,,46.5662552,15.8476692
339487210,way,Gostilna Mihovec,Zgornje Pirniče,54,Medvode,+386 31 684 434,https://www.gostilnamihovec.si/,,46.1404634,14.4285354
340007998,way,Pizzerija Sonček,Pungrt,22,Šmartno pri Litiji,,,,46.0420426,14.8430856
340659398,way,"Kitajska restavracija Peking Duck, SAN SEN d.o.o.",Rožna dolina,5b,Grosuplje,,,chinese,45.9540526,14.6632537
340720385,way,Pivnica in pizzeria Pr' Krištofu,Tovarniška cesta,30,Logatec,,,pizza,45.917449,14.2347701
341180885,way,Pri Micki,Novo naselje,1a,Ljubljana - Dobrunje,+386 1 542 93 22,,regional,46.0431788,14.5807333
341977959,way,Gostilna in pizzerija PER VIA,Malteška cesta,69,Polzela,,,pizza,46.2841619,15.0710416
342601412,way,Sila,,7a,Sežana,+386 41 361729,,regional,45.6647775,13.9194732
343526326,way,Gostilna Pr'kral,Verje,9,Medvode,+38613621220,,,46.1436303,14.4176157
343921200,way,Pizzeria Otok,Oražnova ulica,8,Kostanjevica na Krki,,,,45.8454617,15.4206603
343962862,way,Penzion Petelin,Spodnji Žerjavci,77,Lenart v Slovenskih Goricah,+386 2 7031427,,,46.598562,15.8528235
344734729,way,Gostilna Marolt,Zgornja Besnica,4b,Ljubljana-Zalog,,,,46.0324816,14.6918893
344757339,way,Picerija Kovačija,Adamičeva cesta,24a,Grosuplje,,,pizza,45.956523,14.660113
345320589,way,Gostilna Zajele,,18b,Rovte,01 750 10 90,,,45.9819876,14.1708241
346295608,way,Gostilna Lovenjak,Vaneča,54,Puconci,+3862 525 21 59,https://www.lovenjakov-dvor.si/,,46.7398898,16.1703988
350556981,way,Pizzeria Plamenček,Begunje na Gorenjskem,72,Begunje na Gorenjskem,,,pizza,46.3769588,14.202597
350558373,way,Gostilna Tavčar,Begunje na Gorenjskem,73,Begunje na Gorenjskem,,,stara_domača_hrana;regional,46.3771165,14.2028782
350571560,way,"Gostilna Avsenik ""Pri Jožovcu""",Begunje na Gorenjskem,21,Begunje na Gorenjskem,,,,46.3750381,14.1990025
351136482,way,Casa Monte,Ravni laz,11b,Log pod Mangartom,,https://restaurantguru.com/Casa-Monte-Bovec,,46.3479003,13.5768214
352526982,way,Gostilna Kozovc,Ljubljanska cesta,4,Radovljica,+386 4 5315582,http://www.kozovc.si/,,46.3432764,14.1752441
353664327,way,Pizzeria Live,,6,Rogašovci,02 558 82 00,,,46.8088938,16.0298418
354334118,way,Cesarska hiša,Obrežna ulica,65A,,,,chinese,46.5599462,15.6210324
354385602,way,Kmetija odprtih vrat Pr' Jurčk,Stranska vas,27,Dobrova,,,regional,46.0593907,14.4295891
354638653,way,Gostilna Novljan,Trg,50,Mirna Peč,,,,45.8596533,15.0830678
354706242,way,Picerija Ravbar,Na žago,13,Straža pri Novem mestu,041 609 172,,"čevapčiči,_tortilje,_pice",45.7849296,15.0757168
354923470,way,Gostilna Brinovc,,,,,,,46.0960324,14.5826805
355143075,way,Grill Danilo,Bazoviška cesta,46,Ilirska Bistrica,+38640361361,,,45.558465,14.242965
355191930,way,"Park Seventeen, Lounge Bar Pizza",Bazoviška cesta,15,Ilirska Bistrica,,,pizza,45.5634941,14.2455382
355372455,way,vinotoč Šafarič,,,,,,,46.487878,15.6245014
355711423,way,Picerija pr' Buric,Kašeljska cesta,121,Ljubljana - Polje,,,pizza,46.0535556,14.5921593
356724206,way,Gostilna Povodni mož,Topolc,8a,Ilirska Bistrica,,,,45.5851699,14.2125896
356996918,way,Pizzeria črni Baron,Malečnik,158,Malečnik,+386 2 480 63 00,https://crnibaron.com/index.html,,46.5567415,15.6897035
357185260,way,AZUR tratorija s picami,Cesta na Brdo,33,Ljubljana,+386 1 423 2 423,https://www.azur-tratorija.si/,italian,46.0450916,14.4733901
357944641,way,Okrepčevalnica Pirih,Kidričeva cesta,10b,Kanal ob Soči,,,,46.0881735,13.6331248
359918993,way,Hedvika,Kal-Koritnica,36a,Bovec,,,,46.3365172,13.581248
360600292,way,Restavracija Ukanc,Ukanc,20,Bohinjsko jezero,+386 5 9955787,https://www.restavracija-ukanc.com/restavracija/,,46.2783953,13.8315075
361147154,way,Ribič,Seča / Sezza,143,Portorož,,,fish,45.5004797,13.5878084
361593174,way,Pizzeria Villa Raineri,Tomažičeva ulica,10,Izola / Isola,,,regional;pizza,45.5328727,13.6505468
361953609,way,Ponvica,Pod gradom,5,Brezovica pri Ljubljani,,,international,46.0214872,14.398347
362396198,way,"Pri Starem Pildu, pizzerija in špageterija",Cesta XV. brigade,39,Metlika,+386 7 3058721,,italian;balkan;mexican,45.6495536,15.305496
362414784,way,Slaščičarna Ajdovščina,Goriška cesta,11,Ajdovščina,+386 5 3681080,,pizza,45.8866789,13.9082677
362467405,way,Pizzerija in špageterija Zmaj,Goriška cesta,46,Ajdovščina,,,regional;pizza,45.8870103,13.8922847
363709129,way,Gostilna pri Ahacu,Stopče,31,Grobelno,+386 3 746 66 40,,,46.2140091,15.427065
363974297,way,Zoisov Grad,,,,,,,46.2693152,13.9495588
364973850,way,"Gostilna ""pri gradu""",Grajski trg,4,Žužemberk,,,,45.8307963,14.928595
365322394,way,Pizzeria Gobja Hiška,Grajski trg,11,Žužemberk,,,pizza,45.8315867,14.9276963
365555872,way,Tičarjev dom na Vršiču,Trenta,85,Soča,,,,46.4327441,13.7445596
365753989,way,Foksner,Ribčev Laz,42,Bohinjsko jezero,,,burger,46.2763367,13.8895948
365759139,way,Planinski dom Savica,Ukanc,102,Bohinjsko jezero,040 625 751,,,46.2892231,13.8017312
365805306,way,Gostilna in picerija Galerija,Bizantova cesta,22,Medvode,,,barbecue;italian,46.133477,14.4154434
366116756,way,Kuhna na Brolu,Cankarjeva ulica / Via Ivan Cankar,3,Koper / Capodistria,+386 40 287 952,https://kuhna-koper.si/,asian,45.5484192,13.7314368
366117128,way,Gostilna Giordana,Istrska cesta / Strada dell'Istria,6,Koper,+386 51 206 412,https://apartma-giordana.com/,regional,45.5369102,13.7367741
366987635,way,Istranova,Padna,8b,,+386 40 467 799,http://www.istranova.eu/,,45.4912329,13.6871328
367323930,way,Gostišče Alauf Jožefa,Besnica,18,Ljubljana,,,,46.0366423,14.6509776
368291701,way,Gostilna Pr Čop,Podkum,11,,+386 51 341 333;+386 3 56 76 222,https://www.gostilnacop.si/,regional,46.0701055,15.0322341
368310365,way,Gostišče Kanonir,Spodnje Jezersko,5,Zgornje Jezersko,,http://www.kanonir.si,regional,46.3817464,14.4686587
371449972,way,Gostišče pri Bitencu,Toško Čelo,1,Ljubljana,,,regional,46.0835133,14.4188688
371520993,way,Smoletova Gorca,Sladka Gora,26,Šmarje pri Jelšah,+38641369314,,,46.2700132,15.527222
371617840,way,Gostilna Pod Klančkom,,,,,,,45.8191705,15.230322
371656494,way,Turistična kmetija Šeruga,Sela pri Ratežu,15,Otočec,,,,45.8233093,15.2300619
371880045,way,Gostilna Beli Križ,Belokriška cesta,15,Portorož,,,,45.5203253,13.5798565
371999371,way,Oštarija Prigo,Mladinska ulica,89,Ljubljana,08 205 17 56,https://ostarija-prigo.si/,,46.0615195,14.4513975
372333007,way,Gostilna Tušek,Gornje Ložine,1a,Stara Cerkev,01 895 13 41,,,45.6886044,14.8009215
372498447,way,Gostilnica in Pizzerija Briški,Trg zbora odposlancev,56,Kočevje,+38618955601,,pizza;regional,45.6371589,14.8601331
372657136,way,Pizzeria Betlehem,Spodnje Gorje,157A,Zgornje Gorje,,,pizza,46.394465,14.0736769
372789070,way,Slavkov dom,Golo Brdo,8,Medvode,,https://www.gostilna-belsak.si/,regional,46.1052404,14.4176366
372968679,way,Oštarija Portorož,Obala,16,Portorož,,https://www.bikeways.eu/siti-noleggio/hotel-tomi-point.html,regional,45.5136302,13.5940956
373567418,way,Gostilna BONAVINA Virštanj,Virštanj,31,Podčetrtek,,,regional,46.1284052,15.5539308
373803157,way,Hiša Okusov,Mestinje,1A,Podplat,,https://www.facebook.com/hisaokusov/,,46.2301308,15.562023
373928641,way,Kavka,Rateče,167A,Rateče - Planica,,,,46.476563,13.7219521
374339480,way,Gostinstvo Noni,Celjska cesta,43,Šmarje pri Jelšah,,,,46.22855,15.509909
374474130,way,Restavracija Kovač,Prvomajska ulica,20,Rogaška Slatina,035814530,,,46.2436426,15.6282416
374475294,way,"OKREPČEVALNICA PRI MICI, Silvo Kokol, s.p.",Janežovci,12b,Destrnik,+386 2 761 00 47,https://www.primici.com/,pizza;regional;burger,46.4657874,15.8843254
374522762,way,Restavracija in pizzerija 3 Ribniki,Celjska cesta,62,Rogaška Slatina,,,,46.2406245,15.6192594
374608461,way,Pizzerija gostilna Janezov hram,Kidričeva ulica,44,Rogaška Slatina,,,regional;pizza,46.2257979,15.6401419
374692963,way,Gostilna pri Guterju,Kidričeva ulica,60,Rogaška Slatina,,,regional,46.2256693,15.64583
374843412,way,Gostilna Marta,Cvetkovci,50,Podgorci,+3867130060,,,46.414215,16.0653661
375857400,way,Gostilna Sušelj,Postojnska cesta,20,Pivka,05 757 10 39,,,45.6855386,14.1978135
375863595,way,Gostilna Ka-Ra,Radohovska pot,5,Pivka,05 757 24 84,,,45.6771052,14.1963848
376814159,way,Gostilna Pri Stani,Žerovnica,3,Cerknica,+386 1 7091300,https://www.gostilna-pristani.si/,,45.760276,14.4255436
376870924,way,Zlata srna,Ulica Pohorskega bataljona,14,Maribor,,,chinese,46.5544302,15.619679
377219645,way,Gostilna - Penzion Kuhar,Kranjčeva ulica,13,Moravske Toplice,,,,46.6855824,16.2187587
377469729,way,Gostilna Škarja,Stara cesta,17,Lukovica,,,,46.1607732,14.6684228
377626133,way,Gostilna Verban,Jordan,44,Tropovci,,,,46.6533254,16.0967063
378489761,way,Kmečki turizem Vrajenk,,,,,,,46.6111705,14.9924263
378492563,way,Ta Fabrika,Vič,22a,Dravograd,+386 592 36116,https://www.facebook.com/tafabrika2016,pizza;italian;regional,46.603235,14.9863901
378921787,way,Gostilna Kamra,Goliev trg,8,Trebnje,,,,45.9076917,15.008133
379167794,way,Gostišče Šiftar,Levstikova ulica,24,Moravske Toplice,+386 2 538 13 62,http://www.vila-siftar.si,,46.6861056,16.2161472
379266713,way,Gostilna Kurbos,Noršinci pri Ljutomeru,7,Ljutomer,+3862 581 13 05,,,46.535524,16.1764194
379385316,way,Gostilna in Pizzerija sv. Martin,Podsmreka,59a,Dobrova,,,,46.0390691,14.429045
379810222,way,Dom Dr. Klementa Juga,,17a,Soča,+386 5 996 95 04,https://planinske-koce.si/dom_dr_klementa_juga_v_lepeni,regional,46.3036667,13.6817658
381114261,way,Okrepčevalnica Štefan Šbüll,Sotina,2,Rogašovci,02 557 10 58,,pizza,46.8214729,16.0319203
383621266,way,Gostilna Skaručna,,20,Vodice,018323080,,,46.1530176,14.4838106
384314291,way,Gostilna Pr'Birt,Praprotno,17,Selca,+386 4 514 12 55,http://www.gostilna-prbirt.si/,,46.1937644,14.2535525
385690413,way,Gostilna Komel,Ulica Vinka Vodopivca,100,Nova Gorica,,,,45.9570566,13.6774948
387568194,way,Gostišče pri Rudiju,Šalovci,168A,Šalovci,+386 2 559 10 09,https://www.gostisce-pri-rudiju.si/,,46.8217473,16.2805913
387737775,way,Lenarški hram,Kraigherjeva ulica,19A,Lenart v Slov. goricah,+386 2 720 62 00,,,46.5791216,15.8337975
388220977,way,Gostilna Kačji log,Podutiška cesta,209,Ljubljana,,,regional,46.0747301,14.4413842
389925804,way,Gostilna Kunst,Bistrica ob Sotli,9,Bistrica ob Sotli,,,,46.0567723,15.6620263
390267904,way,Gostilna Vintar,Spodnja Polskava,273,Pragersko,,,,46.4137072,15.636424
390291233,way,Marché Mövenpick Maribor,Na polju,20,Dogoše,+386 02 620 93 08,marche-movenpick.si,,46.5306196,15.7004351
390411754,way,Gostilna Brigita,Tolsti Vrh p. R. na K. - del,103,Ravne na Koroškem,,,,46.5594879,14.9532797
390421021,way,Gostilna Lečnik,Trg svobode,4,Ravne na Koroškem,+38628223163,,,46.5450335,14.9664995
392316041,way,Gostišče Lunca,Zagradec pri Grosupljem,58,Grosuplje,,,,45.9322049,14.6872591
394987446,way,Gostilna Gorica,Bučečovci,1A,Križevci pri Ljutomeru,,,,46.5861553,16.1170583
395000777,way,Gostišče GTC 902 Črnivec,Tirosek,73,Gornji Grad,,www.gtc902.com,regional,46.2604846,14.7025734
395188771,way,Gostilna in Picerija za Tunco,Tunjiška Mlaka,9a,Kamnik,,,,46.2343469,14.5855705
396440958,way,Danilo,Gorenja vas - Reteče,48,Škofja Loka,+386  4 51 53 444,,,46.1581613,14.3688954
396611797,way,Pizzerija Maxim,,,,,,pizza,45.9075368,15.0245191
396954389,way,Gostišče Jurg,Male Rodne,20,Rogaška Slatina,+36 (0)3 5814 788,https://www.gostiscejurg.si/,regional,46.2251325,15.6110055
397829494,way,Hiša Planina,Sveta Planina,46,Trbovlje,+386 31 521 633,,,46.1772152,15.0214276
400468151,way,Gostilna pri Jap,Praproče pri Temenici,6,Šentvid pri Stični,,http://www.gostilna-prijapu.si/start.php,,45.9647298,14.8819
400572269,way,Gostilna Kureš,Šikole,26,Pragersko,02792 02 81,https://www.facebook.com/gostilnakuressikole/,,46.4043695,15.7009947
400588416,way,Gostišče Siva čaplja,Trnovska vas,44,Trnovska vas,+386 2 7575400,http://www.gostiscesivacaplja.com/,regional,46.519959,15.8871197
406087251,way,MBM picerija,Ključarovci pri Ljutomeru,7e,Križevci pri Ljutomeru,02 587 16 45,https://www.facebook.com/picerijaMBMbkljucarovci/,pizza,46.5530793,16.1402325
406838615,way,Gostilna Gurman,Jurka vas,1A,Straža pri Novem mestu,,,,45.7836365,15.0983916
407518444,way,Gostilna Karla,Ljubljanska cesta,17,Rače,+386 2 608 30 31,,,46.4528855,15.674278
410899025,way,Gostilna Pr’ Starman,Stara Loka,22,Škofja Loka,+386 4 51 264 90,https://www.gostilnastarman.si/,regional,46.1717374,14.3018162
410968886,way,Turistična kmetija Škrgat,Hrastovlje,49,Črni Kal,,,regional,45.5067293,13.900671
410968887,way,Turistična kmetija Škrgat,Hrastovlje,49,Črni Kal,,,regional,45.5066317,13.9004464
411192703,way,Gostilna Švab,Hrastovlje,53,Črni Kal,,https://gostilnasvab.com/,regional,45.5083903,13.8991234
412803953,way,Pizzerija Verdi,Griže,125,Griže,,,pizza,46.2317669,15.1544196
413006736,way,Vinotoč Pod Brajdo,Nuskova,31A,Rogašovci,,,buschenschank,46.808672,16.0342616
414024295,way,Gostilna Kramberger,Pernica,4,Pernica,02 644 91 36,,,46.5795532,15.7278009
414225557,way,Gostilna Privošnik,Šolska ulica,150,Šempeter v Savinjski dolini,+3863 700 18 03,,,46.2594287,15.1059905
415191380,way,Gostilna Klement,,179,Grad,,,,46.8024421,16.0923927
415191382,way,Gostilna pizzeria Raj,,181,Grad,,,pizza,46.8020807,16.0927001
416481459,way,Bubka bar,Dečno selo,32,Artiče,,,,45.9533797,15.6137311
417360979,way,Villa Monde,Spuhlja,32,Ptuj,+386 2 779 62 81,https://www.villamonde.com/,barbecue;burger;pizza;regional;steak_house,46.4151489,15.9136774
418266609,way,Pizzerija Siciliana,Dragomerška cesta,1,Brezovica pri Ljubljani,,https://pizzerijasiciliana.wordpress.com,pizza;italian,46.0176948,14.38673
418268864,way,La Palla,Na Grivi,3A,Brezovica pri Ljubljani,+386 82 050 440,https://pizzerija-lapalla.si/,,46.0176739,14.3849953
419544626,way,Gostilna pri Eriki,Vaneča,77C,Puconci,,,,46.7283416,16.169761
419690026,way,Gurmanček,Zamarkova,20,Lenart v Slov. goricah,+386 599 04117,https://www.facebook.com/Gurmanček-pizzeriagostilnacafe-928181267309187/,,46.5681447,15.7797265
419694933,way,Gostilna Knuplež,Močna,10,Lenart v Slov. goricah,02 720 62 08,,,46.5698654,15.7615853
420227853,way,Okrepčevalnica pri Olgi,Zgornja Hajdina,2a,Hajdina,,,,46.4065931,15.839875
420318613,way,Dom planincev v Logarski dolini,Logarska Dolina,15a,Solčava,,,,46.3837437,14.6210192
420318614,way,Planšarija Logarski kot,Logarska Dolina,15,Solčava,+386 41 210 017,https://logarski-kot.si/,regional,46.3743351,14.6131221
421785068,way,Strniša,Jesenice na dolenjskem,7c,Jesenice,,,regional,45.8585494,15.6895294
421785122,way,Magdalena,Jesenice na dolenjskem,9g,Jesenice na dolenjskem,,,regional,45.8603666,15.6862962
421792710,way,Ob Kaminu,Tržaška cesta,88,Postojna,+386 41 339 933,https://www.gostilnaobkaminu.si/,,45.7711012,14.1901892
421967694,way,Gostilna Škriban,Cesta Notranjskega odreda,17,Stari trg pri Ložu,,,,45.714365,14.470338
422961477,way,Sončni Kanin,,,,,,,46.358341,13.4768066
423360680,way,Gostilna Godina,,6,Divača,+386 41 646 297,,fish;seafood,45.6436526,13.9683104
423825138,way,Pizzeria Bar Bekar Studenec - Vekar Tina S.P.,Studenec,,Postojna,+38665550663,,pizza,45.7656396,14.1476699
424477678,way,PIZZERIA BABUŠKA,Polana,3I,Hoče,02 618 11 37,,pizza,46.4840264,15.618983
425000905,way,Saraj,Bohoričeva ulica,1,Ljubljana,,,bosnian,46.0552818,14.5192232
425723151,way,Gostilna Kuhar-Kosi,Puconci,101,Puconci,+38625459260,,regional,46.7037794,16.1554569
426010555,way,Cappuccino Svetilnik,Kopališka ulica,14,Izola - Isola,,,,45.5410855,13.6565788
426405448,way,Gostilna in mesarija Kavčič,Drenov Grič,9,Vrhnika,01 755 77 80,,,45.9944079,14.3290421
426742482,way,Gostilna Rogovilc,Dunajska cesta,370,Ljubljana - Črnuče,+3861 537 21 83,,,46.1020232,14.5299931
426841087,way,Kramar,,,,,,,46.2814262,13.8811759
426949300,way,Gostišče Frfrau,,,,,,,46.1377423,14.7180794
427362049,way,Pri Štorklji,Na Bregu,,Moravske Toplice,,https://pri-storklji.si/,,46.6919489,16.2217606
428875962,way,Bedanc,Borovška cesta,105,Kranjska Gora,+386 41 238 229,,,46.4862783,13.7765553
429559517,way,La Stella,Log,12b,Kranjska Gora,,,,46.4873309,13.8055879
430017639,way,Pri Vovku,,20,Črni Kal,,,,45.5711519,13.8569922
431486853,way,Gostilna Potrbin,V Zideh,9,Trojane,+386 41 604 508,,regional,46.1902997,14.892239
431888768,way,"Gostilna ""Kančal""",Glavna ulica / Fő - utca,41,Lendava / Lendva,+386 2 5751137,,regional,46.5659935,16.4511862
432362362,way,Picerija Kučan,Križevci,75,Križevci,+3862 554 12 24,,,46.7928596,16.2329396
432645765,way,Manjada,Morova ulica,25d,,+3865 641 63 21,,pizza,45.5306413,13.6498672
435825443,way,Pizzeria Ali,Počehovska ulica,16,Maribor,+38622500520,https://www.pizzerija-ali.si/,pizza,46.577256,15.6554899
436148193,way,Pizzeria Snežinka,Pesnica pri Mariboru,59D,Pesnica pri Mariboru,+38626532441,https://www.gostilna-snezinka.si/o-nas.php,pizza;regional;fish,46.6129516,15.6728562
437279855,way,Dom Elizabeta,Sveti Jurij,7B,Rogašovci,+38625771035,,,46.7995364,16.0360146
437303948,way,Okrepčevalnica Jerica,Rogašovci,1,Rogašovci,,,,46.8022262,16.036841
437346813,way,Brunarica Jezero Braslovče,Zgornje Gorče,24,Braslovče,+386 3 620 62 06,,,46.2950232,15.030499
437404954,way,Okrepčevalnica s hitro prehrano RAK,Gornji Slaveči,100,Kuzma,,https://sl-si.facebook.com/OkrepcevalnicaRak,,46.8174911,16.0588846
438142066,way,Penzion Gostilna Domen,Družinska vas,1,Šmarješke Toplice,,https://www.mangiareinslovenia.eu/penzion-gostilna-domen.php,,45.8586461,15.2514588
441533469,way,Izletniška kmetija Mehačk,Setnica - del,5,Polhov Gradec,,,regional,46.0760485,14.3227667
443225822,way,Gurmanski hram,Zagrebška cesta,92,Maribor,,,regional,46.5264114,15.6690233
443227133,way,Restavracija TAM,,,,024605226,,,46.5258246,15.6647137
444245930,way,Turizem na podeželju Tompa,Stara Cesta,12f,Ljutomer,+3862 580 90 57,,regional,46.5034546,16.141674
444967823,way,Gostilna Zupanc,,,,,,,46.4737926,15.6545121
445138625,way,Gostišče Andrejc,Soča,31,Soča,+386 5 388 95 30;+386 40 798 710,http://www.gostisce-andrejc.si,,46.3423648,13.6705366
445459550,way,Mlečna restavracija,Maistrov trg,13,Kranj,,https://www.mlecna-restavracija.si/,,46.2410627,14.3563232
445746378,way,Lesjak,Mariborska cesta,7,Slivnica,+386 2 60 40 470,https://gostilna-lesjak.si/,,46.47907,15.6534533
446419875,way,La Pizzeta,,,,,,,46.4987152,15.6490754
446496390,way,Restavracija Hoški Grad,Poljska cesta,30,Hoče pri Mariboru,,,,46.4963484,15.6456079
446568356,way,Koča Edmunda Čibeja,Predmeja,35a,Ajdovščina,+386 41 617 866,https://www.pzs.si/koce.php?pid=349,,45.9529852,13.8797333
447250197,way,"Pizzerija in špageterija ""Potepuh""",Hraška cesta,20,Lesce,,www.potepuh-gostilnica.si,italian,46.3657601,14.1606107
447397996,way,Leščan,Alpska cesta,33,Lesce,,https://www.bagi.si/pizzerija-lescan/,,46.3604106,14.1605179
447655043,way,Tulipan,Alpska cesta,8,Lesce,,,,46.3575007,14.1636911
448557137,way,Gostilna Pri Metodu,Spodnja Rečica,63,Rečica ob Savinji,,,,46.3160589,14.9344604
448991773,way,Gostilna Belvedur,Belvedur,1,Gračišče,+386 51 385 607 or +386 5 657 40 22,https://www.gostilna-belvedur.si/,regional,45.4636027,13.8215598
450012060,way,Okrepčevalnica pri Marjetki,Gornji Petrovci,26,Petrovci,+3862 556 90 53,https://www.facebook.com/priMarjetki/,,46.8035036,16.2204836
453270007,way,Okrepčevalnica na Kranjskem Raku,Krivčevo,22,Stahovica,+386 1 832 52 24,,,46.2828744,14.688097
454324140,way,Picerija pri Bzku,,51,Divača,+386 5 7631190,http://picerija-pribzku.si/,pizza;regional,45.6795235,13.9806666
454431327,way,Turistična kmetija Vimpolšek,Lenartova pot,22,Brežice,,,,45.9188801,15.5867515
454494785,way,Gostilna Rešer,Center,102,,,,,46.4700496,14.8501338
454494788,way,Pri Drofelniku,Center,37,,,,,46.4700612,14.8488582
454533908,way,Oštarija Margareta,Cesta 4. julija,22,Krško,07 490 50 50,,italian;mexican;regional,45.9603885,15.490172
455541819,way,Penzion Vigred,,,,,,,46.5946656,15.2315734
456767312,way,Picerija Romano,Tavčarjeva ulica,31,Kranj,+386 4 236 39 00,https://www.facebook.com/pg/PizzerijaRomano,pizza,46.2394838,14.3569729
457133183,way,Lavričeva koča na Gradišču,Mekinje nad Stično,,Šentvid pri Stični,+386 41 456 914,,,45.9613152,14.82247
458058216,way,Labrca Outdoor Center,Volče,87C,Tolmin,,,,46.18136,13.716917
459020932,way,Kaferna,Slomškova ulica,10,Loče pri Poljčanah,,https://www.facebook.com/kaferna.loce/,,46.3006654,15.5050302
459142425,way,Restavracija Lipa,,,,,,,46.1561966,15.6064412
459495254,way,Gostilna pri Žihri,Moškanjci,1G,Gorišnica,+386 2 743 08 32,https://www.pri-zihri.si/,,46.4167354,15.9858135
459889436,way,Gostilna pri Inotu,Draža vas,18,Loče pri Poljčanah,,,,46.3255269,15.4799206
460510371,way,Gostišče Zibka,,,,,,regional,46.2312025,15.1451276
460838711,way,Gostišče Žinko,Moravci v Slov. goricah,106,Mala Nedelja,,,,46.5203605,16.0248701
461436235,way,Izletniška kmetija Jakob,Lipovci,242C,Beltinci,,,,46.6302086,16.222347
461441126,way,Vinarium izletniška kmetija,Filovci,171C,Bogojina,,,,46.6797618,16.2958117
461520001,way,Gostilna pri Bevcu,Stari trg,10,Lukovica,01 723 51 46,,,46.1693474,14.6899387
462068312,way,Debeli Bar,,,,,,,45.7945713,14.3598038
462324846,way,Gostilna Lesjak,Makole,36,Makole,,,,46.3174863,15.6669939
463243761,way,Gostilna Vid,Radegunda,53A,Mozirje,03 839 02 31,,,46.3529317,14.94564
463466496,way,Gostilna Ribič,Veliki Trg,3,Izola,,,,45.538618,13.6575881
464069597,way,Okrepčevalnica Pr Andrejc,,,,,,,46.0663986,14.3477568
464690452,way,Gostilna Brin,Knezdol,2a,Trbovlje,,,regional,46.1812047,15.0401255
465146713,way,Hiške Slovenske Istre,Truške,1b,Marezige,+386 41 248 964,https://www.hiske.si/,,45.4970175,13.8211231
466972775,way,Okrepčevalnica Pri veselem Goričancu,Radovci,27,Grad,+3862553 10 16,,,46.7816816,16.0980574
467533093,way,Okrepčevalnica Maja,Zgornja Hajdina,102b,Hajdina,,,pizza,46.4130142,15.8260235
467641028,way,Karjola,,24,Marezige,+386 5 655 0555,https://karjola.si/,,45.5070403,13.7988307
468309879,way,Lovski dom,,,,,,regional,46.6845557,15.7245494
470275198,way,Gostilna Amerika,Mariborska cesta,79,Celje,,,,46.2418062,15.2756861
471629948,way,Gostilna Tabor,Gorkega ulica,48,Maribor,,,,46.5491102,15.63535
472164304,way,Domačija Marof,Mačkovci,36,Mačkovci,,,,46.7823839,16.1555487
473844866,way,Turistična kmetija Dervarič,Kopriva,17,Razkrižje,,,,46.5079559,16.2639626
474175135,way,Okrepčevalnica Orlove glave,,,,,,,46.2512004,13.8377119
475266568,way,Brunarica pri Ingotu,,,,,,,46.4698468,13.8314191
475650896,way,Jelenov hram,Beznovci,36,Bodonci,+38625491025,,,46.7311007,16.0644395
476642525,way,Gostilna Pod Slavnikom,Podgorje,1,Podgorje,,,regional,45.5345023,13.9441988
476693054,way,Pizzeria Klara,Spodnje Jablane,42F,Cirkovce,+38627922020,,,46.3968174,15.7162031
476920205,way,Kmetija Černe - gostišče z nastanitvijo,Spodnjevaška pot,56,Maribor,+386 41 501 661,https://kmetija-cerne.si/,regional,46.5177931,15.642088
477226099,way,Restavracija Pan,Tovarniška cesta,7,Kidričevo,,,,46.4037216,15.7977137
478378196,way,Kmečki hram,Oražnova ulica,11,Kostanjevica na Krki,+386 7 498 70 78,,regional,45.8456518,15.4198135
478825001,way,Lovski dom,,10d,,,,,46.1859341,15.0621949
478889674,way,Gostilna in picerija pri Kobalu,Vrhpolje,38,Vipava,+386 5 366 56 73,,pizza,45.8635246,13.9613194
479317237,way,Grill Ranca,Lackova cesta,75,Maribor,,,,46.5404634,15.6068207
480666578,way,Turistična kmetija Benčič,Filipčje Brdo,4,Sežana,,,,45.737202,13.8834853
481350812,way,Lukov dom,Razborca,65,Razborca,+386 2 883 98 70,,,46.5018047,15.208058
482084358,way,Gostilna Pri Lipi,Lackova cesta,44,Maribor,,,regional,46.5387106,15.6122038
482887204,way,Okrepčevalnica Püngrad,Skakovci,18,Cankova,+3862 540 15 50,https://www.facebook.com/okrepcevalnicapungrad,,46.7055197,16.0457306
482925007,way,Gostilna Rogan,Večeslavci,3A,Rogašovci,,,,46.7827061,16.0415553
483035222,way,Izletniška Turistična Kmetija Benčič,,,,,,regional,45.626963,14.031333
483058695,way,Gostilna Badovinac,Jugorje pri Metliki,5,Suhor,,,,45.7093989,15.2368131
483059852,way,Gostišče Gačnk,Dolenji Novaki,1,Cerkno,,http://www.cerkno.com/,regional,46.145702,14.0261059
483546779,way,Oštarija pri Kapelici,Andrejci,17,Martjanci,,,regional,46.7220729,16.2264742
483650256,way,Izletniška kmetija Ložno,Strmec pri Sv. Florijanu,32,Rogatec,,,,46.2648082,15.6923381
483680800,way,Planšarija Kofce,Podljubelj,238,Tržič,+386 51 205 045,,Sour milk;štruklji_rolled_dumplings;stew,46.417875,14.323585
484072712,way,Pizzeria in Diskoteka Oxigen,,,,,,,46.51165,16.2059163
484323972,way,Gostišče Car,Kranjčeva ulica,10C,Moravske Toplice,,,,46.6840549,16.2192121
484625011,way,Gostilna Sabo,Gornji Slaveči,7,Kuzma,+38625551038,,,46.8154876,16.070453
485004849,way,Eko koča Nanos,Nanos,10A,Vipava,+386 41 826 353,https://www.ekokocananos.si/,,45.7962827,14.0102379
486718993,way,Posestvo Monstera,,80,Grad,,https://monstera-posestvo.si,,46.766968,16.0660826
486749020,way,Gostišče TRI ZVEZDE,Pri Unionu,32,Kočevje,,,,45.6450356,14.8527885
487428806,way,Dva Zmaja,Teharska cesta,35,Celje,,,chinese,46.2315919,15.2762592
487913173,way,Dom na Joštu,Sveti Jošt nad Kranjem,2,Kranj,,https://www.domnajostu.si/,,46.2427404,14.3026747
487954251,way,Gostilna Pod trto,Strunjan,32,Strunjan / Strugnano,+3865 678 23 72,,fish,45.5258676,13.6117948
487971720,way,Picerija Zlati Škorpijon,Spodnji trg,2,Lovrenc na Pohorju,+386 2 671 95 81,https://www.zlati-skorpijon.si/,pizza,46.5402558,15.3886476
490372113,way,Ribiški Dom,Preserje,9A,Braslovče,,,,46.2927098,15.0524231
491149708,way,Koča na Jurgovem,,,,,,,46.4532333,15.3554153
492775573,way,Grajska bajta,Pod gradom,196,Dravograd,+386 41 330516,,,46.5940367,15.0162422
492775946,way,Gostilna in pizzeria pikola,Trbonje,50,Trbonje,,,,46.6042985,15.1072778
492805289,way,Gostilna Kekec,Kekčeva pot,4,Nova Gorica,+386 5 300 56 75,,regional;italian,45.9692616,13.6601482
492806212,way,Gostilna Zatolmin,Zatolmin,1,Tolmin,+386 5 388 25 33,,regional,46.1939189,13.7276622
493444601,way,Gostilnica Gušt,,,,+386 51 383666,https://gostilnica-gust.si/,,45.5358849,13.6600537
493971443,way,Brunarica pri Bloškem jezeru,,,,,,,45.7868621,14.5153782
494023050,way,Špacapanova hiša,,85,Komen,,https://www.spacapan.si/,regional,45.817295,13.7469421
494769865,way,Gostilnica Orle,Orle,37,Škofljica,,,pizza,46.0150269,14.570355
494985503,way,Ribiška Družina Vrhnika,,,,+3861 750 55 57,,,45.9713343,14.3153922
495011844,way,Picikato,Teharje,21,Celje,,,pizza,46.2292628,15.3029313
495713909,way,Gostilna Trost,,97,Kozina,+386 5 680 12 00,,,45.6280628,13.9732098
495855167,way,Gostišče Šterk,Ajševica,13,Nova Gorica,+386 5 33 046 33,https://www.gostisce-sterk.si/,regional;italian;fish,45.9481135,13.6933342
496643926,way,Gostilna Fortuna,Spodnje Gorje,125,,+386(0)70539081,https://fortunagostema.wixsite.com/fortuna,,46.3874422,14.0780386
496682272,way,Gostilna pri Marti,,,,,,,45.6858099,14.1961545
496981809,way,Gostišče ob Ribniku Podlehnik,Dežno pri Podlehniku,6a,Podlehnik,+38627884400,,,46.3302799,15.8734034
497580106,way,Gostilna Zatrnik Pr' Jagru,Zatrnik,75,Zgornje Gorje,,http://www.gostilna-zatrnik.si/predstavitev/,,46.3685512,14.0353644
497853510,way,Gostilna Pikol,Vipavska cesta,94,Nova Gorica,,,,45.9373472,13.6636192
497973011,way,Jack & Joe BBQ & Pizza,Limbuško nabrežje,6,Limbuš,,http://jackandjoe.si/,,46.5637081,15.5891288
502045198,way,Gostilna Šerek,Cesta na Polževo,2,Višnja Gora,,,,45.9573631,14.7417803
502064396,way,Restavracija DK,Titov trg,3,Velenje,,,,46.359819,15.1156963
503020171,way,Gostilna & Pizzeria Škorpion,Reška cesta,18,Prestranek,0816 12413,https://www.facebook.com/people/Gostilna-Pizzeria-%C5%A0korpion/100086968100671/,burger;pizza;regional;dessert,45.7304195,14.1861057
504705755,way,Kmečka hiša Ojstrica,Logarska Dolina,13a,Solčava,+386 3 838 90 51,https://www.logarska-ojstrica.si/,,46.3945532,14.6297042
504741112,way,Gostišče pri Slavcu,Gorenji Maharovec,13,Šentjernej,,,,45.8431626,15.3051907
506274879,way,Restavracija Zaka,,,,,,,46.3671925,14.0851809
507749838,way,Picerija zlato sidro,,,,+386 5 677 02 04,https://www.zlatosidro.si/,,45.5048196,13.6030657
509075945,way,Okrepčevalnica pri Jušku,Trg prekomorskih brigad,13,Cerkno,,,pizza;regional,46.1285836,13.99076
509303590,way,Lobnik,Orehova cesta,12,Orehova vas,,,regional,46.4731984,15.6640219
509308894,way,Gostilna Malajner,Miklavška cesta,43,Hoče,+386 2 6161020,,regional,46.5008584,15.6622151
509994210,way,Pri Flandru,Zakojca,1,Cerkno,+386 5 37 79 800,https://kmetija-flander.si/,regional,46.1650179,13.92677
510878108,way,Picerija Moni,,,,,,,46.6391199,16.0398014
512093364,way,Gostilna Strunjan,Strunjan,23,Portorož,+386 40 124 029,https://gostilna-strunjan.si/,,45.5250963,13.6083276
512406487,way,Izletniško turistična kmetija Roškar,Lastomerci,25,Gornja Radgona,+3862 564 95 75,http://turisticna-kmetija.si/,,46.6447754,15.9497824
513513647,way,Jajčka,Graščinska cesta,2,Prebold,,https://www.jajcka.si,,46.2369377,15.0926179
514161693,way,Pizzeria&Kavarna Pr'Pek Mozirje,Na trgu,43,Mozirje,,,,46.3403788,14.9669864
514400294,way,Gostišče Pri Bavantu,Dvorje,7,Cerklje na Gorenjskem,,,,46.2616864,14.4799005
515887751,way,Pizzeria pri Siničevem mlinu,Zgornje Hoče,6D,Hoče,,,pizza,46.4935756,15.627226
517189127,way,"Gostišče ""Zaleznik Jana""",Križevec,1,Stranice,,,,46.3592079,15.3723438
517189169,way,Gostilna Hlastec,Križevec,57,Stranice,,,,46.3607748,15.3708307
517534150,way,Ribniki Stranice,,54,Stranice,+386 59 251 174,www.ribniki-stranice.si,fish,46.3469786,15.353356
518074878,way,Gostilna Salobir,,5,Dobje pri Planini,+386 51 676 502,,,46.1375423,15.3944175
519417587,way,Gostilna Na Griču,Cesta Maksa Kavčiča,2,Sv. Trojica v Slov. goricah,,www.gostilnanagricu.com,fish;regional;seafood;mediterranean;local;fine_dining;chinese,46.5791002,15.8767629
520050328,way,Gostilna ob Dravi,Ožbalt,3,Ožbalt,,https://www.facebook.com/GOSTILNA-OB-DRAVI-OŽBALT-188364357899335/,,46.5837683,15.391538
521357164,way,Gostilna pizzerija Lekežič,Čolnikov trg,19,Benedikt,,,,46.6054889,15.8924305
523341417,way,Posestvo Trnulja,Črna vas,265,Ljubljana,,,regional,46.0005997,14.4777456
524143225,way,Gostilna Svenšek,Sela,29,Lovrenc na Dravskem polju,,,,46.3702821,15.8286703
524343946,way,Restavracija Sveta gora,Sveta Gora,1,Solkan,,,,45.9996733,13.6545193
524512456,way,Gostilna pri lipi,Lovrenc na Dravskem polju,11,Lovrenc na Dravskem polju,,,,46.3742063,15.7789582
531997880,way,Gostilna Kajtna,Prvomajski trg,25,Poljčane,+386 31 468 368,,regional,46.3031974,15.5813765
536747446,way,Okrepčevalnica Filoft,Rošpoh - del,143,Pesnica pri Mariboru,+38626552201,,,46.6047179,15.6490427
537935934,way,Turistična kmetija Milena Vrezner,,,,,,,46.6807531,15.5989964
539818844,way,Gostilna Kozolec,Spodnje Bitnje,2,Žabnica,,,,46.2086897,14.3358369
539956946,way,Okrepčevalnica Julijana,Hotinjska cesta,51,Hotinja vas,,,,46.4668464,15.6688694
540423850,way,Amor,nova vas,14,Jesenice na Dolenjskem,,,pizza;italian;mexican,45.8498406,15.6805098
542231486,way,Gostišče Kum,Prešernova cesta,1,Zagorje ob Savi,,https://www.kum.si/,regional,46.1328354,14.9989225
542233565,way,Gostilna Ribnik,Naselje Srečka Kosovela,2B,Zagorje ob Savi,,,,46.1316874,15.0013088
544335428,way,Hiša Joannes Protner,Vodole,34,Malečnik,,,buschenschank,46.5684959,15.6992817
545675442,way,Kmetija Molnar,Cogetinci,51,Cerkvenjak,+38627035171,,,46.5830986,15.9615383
549033526,way,Pizza&Grill,,,,,,,46.2446638,15.1881019
549227931,way,Pri Ančki,Tržaška cesta,30,Maribor,+38623313131,,,46.5387099,15.6466838
549499469,way,Gastro Kolodvor Pub,Hmeljarska ulica,2,Žalec,,,,46.250097,15.1659292
549965978,way,Pizzeria Toscana,Ruska ulica,4,Maribor,+386 2 461 2000,https://www.toscana-mb.si/,pizza,46.5331621,15.6667134
550184917,way,Črni Ribič,Frankovci,2a,Ormož,+38627402374,,,46.4022099,16.1931358
550658678,way,Kekec,Ambrož pod Krvavcem,67a,Cerklje na Gorenjskem,,,,46.3014017,14.5270063
557381709,way,Gostilna Baša,,36,Materija,+386 5 687 41 03,,,45.5588707,14.0365364
561812293,way,Gostilna Kraški rob,Črni Kal,61,,+38651223311,https://www.gostilnakraskirob.si/index.html#slider1-q,regional,45.5503138,13.8719685
563828155,way,Oddih,Skalniška cesta,10,Solkan,,,,45.9816733,13.6617032
564074303,way,Gostilna Jurca,Podlipa,44,Vrhnika,,,,46.0058571,14.2229535
577842605,way,Pr Čiči,Reška cesta,43,Kozina,,,regional,45.6056612,13.9469689
578115254,way,Bernarda,Mariborska cesta,51,Selnica ob Dravi,,,,46.5506691,15.4931051
578220425,way,Gostilna pri Obrščaku,Muljava,22,Ivančna Gorica,+386 1 787 63 81+386 41 397 600,https://www.obrscak-sp.si/,,45.9016443,14.7990822
578439084,way,Francinovi,Avber,21,Sežana,+386 5 768 5120,https://www.ukmar.si,regional,45.7805557,13.8733657
578930599,way,Gostilna Cetin,Mostec,46,Brežice,,,international;regional,45.8984818,15.6276011
578930601,way,Krulc,Mostec,47,Brežice,,,regional;international,45.89825,15.6282298
579021004,way,Gostišče pri treh Lipah,Videm pri Ptuju,48,Videm pri Ptuju,,http://www.pritrehlipah.si/,,46.3689152,15.9018866
579376352,way,Pizzerija - Restavracija,Trg svobode,7,Laško,+386 3 734 33 30,http://www.pizzerija-spica.com/index.php,,46.153891,15.2335693
579377321,way,Gostilna Bezgovšek,Trubarjevo nabrežje,31,Laško,,,,46.1476402,15.2401094
582341109,way,Kodarinov malen,Koštabona,90,Šmarje,+386 41 242 004,,,45.4725201,13.7446472
583819404,way,Oštarija pri Silvi,Crngrob,13,Žabnica,,,regional,46.1971068,14.3063018
586055397,way,Gostilna Race,Rodik,25,Kozina,,,regional,45.6245556,13.981174
586055398,way,Turistična kmetija Linč,,50,Kozina,,,,45.6244879,13.9806184
586095590,way,Pizzerija Mom,,,,,,pizza,46.4943803,15.6854415
586114017,way,Jamarski dom,Gorjuša,40,Dob,,,,46.1364958,14.6368804
586850703,way,Snežinka,,38,Zgornja Velka,,,,46.675624,15.7701509
589274521,way,Pizzeria Lili,Mariborska cesta,102,Orehova vas,,,,46.4670756,15.6567204
589303555,way,Pri Janezu,Zgornja Ložnica,4,Zgornja Ložnica,,,,46.3832674,15.5241402
589573679,way,Sodexo prehrana in storitve d.o.o.,Partizanska ulica,41,Slovenska Bistrica,,,,46.3942701,15.5639449
589683874,way,Picerija Hitri,Seškova cesta,26A,Medvode,+386 (01) 361 50 50,https://www.picerija-hitri.si/,pizza,46.1388447,14.4139903
592452286,way,Eco Kmetija Robidisce,Robidišče,3,Breginj,+386 5 384 98 58,https://siol.net/trendi/kulinarika/eko-kmetija-robidisce-pojedina-na-koncu-slovenije-444528,,46.2159616,13.4149723
595712156,way,Majolka,Jurovci,1B,Videm pri Ptuju,+386 2 764 69 11,https://motel-majolka.si/,,46.3600227,15.8691649
597091639,way,Gostilna Pri Ribeku,Stojnci,136C,Markovci,+386 2 766 03 81,,,46.3761471,15.981181
603645424,way,Izletniška kmetija Smrečnik-Gorza,Ludranski Vrh,25A,Črna na Koroškem,+386 41 782 330,,,46.4441847,14.8568235
607319805,way,Izletniška kmetija Bukovc (Bukovnik),Podolševa,1,Solčava,,https://www.logarska-solcavsko.si/tockeobiska/izletniska-kmetija-bukovc/,,46.4317453,14.7350051
608983633,way,Bar na Bazenu Brestanica,Jetrno selo,2,Brestanica,,,,46.0013679,15.4756704
616968383,way,Gostilna Vovko,Ratež,48,Brusnice,,,,45.8226025,15.2432542
617194749,way,Okrepčevalnica Lazna,,10,Trnovo pri Gorici,,,regional,46.0386831,13.805855
617764775,way,Kmetija Levar,Dolenje Jezero,33,Cerknica,+386 1 7091 914,,,45.7763268,14.3596982
619391770,way,Gostilna pri Jakov Met,Jemčeva cesta,19,Trzin,,,,46.1403048,14.5608911
623577909,way,Gostilna Strahinc,Zgornje Bitnje,32,Žabnica,,,pizza,46.2156889,14.3378211
625949358,way,"Gostilna s prenočišči ""Pri Štefanu""",,3,Most na Soči,+386 31 575 519;+386 5 38 87 195,https://www.pristefanu.si/,regional,46.14787,13.7583948
626245928,way,Gostilna Pizzerija Vinska TRTA,Spodnja Voličina,80A,Voličina,+386 2 729 27 72,,,46.54455,15.8150052
626245957,way,Restavracija Kmetič,Spodnja Voličina,81A,Voličina,+3862 729 27 10,https://www.facebook.com/Restavracija-Kmeti%C4%8D-Alenka-Breznik-sp-1759456190861429/,,46.543905,15.8153508
626449550,way,Gostilna Vančar,Čezsoča,43,Bovec,,,regional,46.3207254,13.5499384
628623301,way,Okrepčevalnica Raj,Potrčeva cesta,60,Ptuj,+386 41 528 170,https://okrepcevalnica-raj.com/,regional,46.4278336,15.8830634
628650155,way,Rutinca,Ulica 9. septembra,152,Vrtojba,,,regional,45.9097692,13.6334718
629981601,way,Mojčin dom na Vitrancu,Na Vitrancu,2,Kranjska Gora,+386 (0) 41 612 778,https://www.vitranc-mojcindom.si/,,46.4761192,13.7596732
629981603,way,Bedančev dom,Podkoren,1B,Kranjska Gora,,,,46.4837027,13.7621412
630993746,way,Luna,Ulica 9. septembra,137,Vrtojba,,,pizza;regional,45.9118872,13.6354652
631597448,way,Gostilna pri Staroj Preši Ivanovci,Ivanovci,3,Fokovci,+386 2 548 19 33,https://www.facebook.com/pages/category/Vegetarian-Vegan-Restaurant/Gostilna-Pri-Staroj-Pre%C5%A1i-Ivanovci-265953153452920/,,46.7340971,16.2183494
633968563,way,Pri Slavki,Podbrezje,36,Naklo,,,regional,46.2925327,14.2801812
658084618,way,Čaplja,Glavna ulica / Fő utca,222,Lendava / Lendva,,,,46.5963566,16.4614453
658893300,way,GOSTINSTVO FINK d.o.o.,Spodnje preloge,44,Slovenske Konjice,+386 3 759 34 30,,,46.3422114,15.4134016
659431058,way,Golobček Bed & Pizza,,,,,,pizza,46.2438565,14.950209
660244113,way,Sankaška koča,Rodine,81,Žirovnica,,,,46.385155,14.1895298
663012300,way,Gostilna Muršič,Dornavska cesta,5,Ptuj,+386 31 376 696,https://www.gostilna-mursic.si/,regional,46.425987,15.8913691
668070938,way,Hotel pri Belokranjcu,Kandijska cesta,63,Novo mesto,,,,45.7995662,15.1782929
669756828,way,Gostilna Florjančič,,157,Grad,+386 2 553 10 35,,,46.7843782,16.060653
673535110,way,Pizzerija Italia,Boštnikova ulica,10,Brežice,,,italian,45.9049235,15.601877
673830154,way,Debeluh,Trg izgnancev,7,Brežice,,https://www.debeluh.si/,burger;steak_house;barbecue,45.9074569,15.5910835
673857916,way,Gostilna Štritof,Glogov brod,3,Artiče,,,regional,45.9521786,15.6001798
673857918,way,Gostilna Krajnčič,Silovec,1a,Sromlje,,,fish_and_chips,45.9922385,15.5957864
673857919,way,Gostilna Erban,Župelevec,51,Kapele,,,regional;pizza;steak_house,45.9614402,15.6861817
673860092,way,Gostišče Kocjan,Stara vas pri Bizeljskem,63,Bizeljsko,,,pizza;regional;fish_and_chips;barbecue;steak_house,45.9876984,15.6972332
674666532,way,"Azaleja, Marjana Pavlič s.p.",,,,(03) 568 43 87,,regional;fish_and_chips,46.0665576,15.2480921
674667888,way,Gostišče Močivnik,Okroglice,,Okroglice,,,,46.0707321,15.2556729
677108828,way,Picerija Panda,Pintaričeva cesta,6,Gornja Radgona,+386 2 561 14 74,,pizza,46.6686854,15.9913634
677138179,way,Gostiona Gabrovica,,,,,,fish_and_chips;regional,45.8382835,15.6111715
678736895,way,Gostilna pri Andoljšku Primož Andoljšek s. p.,Hrovača,30,Ribnica,018361456,https://www.malcajt.com/jugovzhodna/ribnica/gostilna-andoljsek.html,regional,45.7363267,14.735618
678739626,way,Gostilna pri Andoljšku,,30,Ribnica,,,,45.7376378,14.7346009
681352119,way,Gostilna pri Mari,Kamnik pod Krimom,96,Preserje,,,,45.9622274,14.3993476
683315928,way,Gostilna Racman,Tomažja vas,30,Škocjan,,,,45.8797744,15.302618
684301744,way,Gostilna Šekoranja,Bizeljsko,72,Bizeljsko,,,,46.015006,15.6930006
685056169,way,Gostilna Senica,Titova cesta,89,Senovo,,,regional;pizza;italian,46.0189454,15.4753339
688331828,way,Gostilna pri Jurju,,38,Vodice,,,,46.1548664,14.4841897
689230505,way,Picerija Strgar,Viniška cesta,39,Črnomelj,,,pizza,45.5678177,15.1853282
697451278,way,Gostišče Prosnik,Hardek,34e,Ormož,,,,46.4092129,16.1601999
702223740,way,Restavracija In Gostilna Slekovec,Mala Nedelja,22,Mala Nedelja,+386 2 586 10 03,,,46.5225406,16.0529481
704504652,way,Repanšek,Bolkova ulica,42,Radomlje,,,,46.1785344,14.5950078
705939489,way,Picerija Lev,Mariborska ulica,19,Zgornja Polskava,,,,46.4242799,15.6065433
721178459,way,Izletniška kmetija pri Ukovih,,65,Trnovo pri Gorici,,,regional,46.0050231,13.7978981
725150124,way,Gostilna Meglič,Obrtniška ulica,2,Trebnje,,,,45.9074793,15.0217778
727312057,way,Gostilna Orhideja,Jemčeva cesta,52A,Trzin,,,,46.1436004,14.5616966
729691044,way,Gostilna Pohak,Cerklje ob Krki,39,Cerklje ob Krki,+386 7 496 91 02,https://www.facebook.com/gostilnapohak/,,45.8835447,15.5196797
732136384,way,Ribiški Dom,Zgornje Konjišče,16a,Apače,,,,46.7148897,15.8237431
732158161,way,Gostilna Hrast,Apače,42,Apače,+38625691266,https://gostilnahrast.si,,46.697571,15.909192
734942510,way,Oštarija Feral,Cesta krških žrtev,97,Krško,,,,45.9532119,15.4863306
739658131,way,Pizzerija Na placu,,117a,Komen,+386 31 293 967,,pizza;regional,45.8164432,13.745484
741716722,way,Marjetica Belinka,,,,,,balkan;barbecue,46.0919006,14.5744553
750818953,way,Okrepčevalnica Pr' Kozinc,Podolnica,49,Horjul,,,,46.0248123,14.3281628
751870226,way,Gostilna pri cesarski lipi,Jareninski Dol,19,Jarenina,031226179,,,46.6292818,15.6981129
758209219,way,Kočna,Zgornje Jezersko,166,Zgornje Jezersko,+386 820 08025,https://www.facebook.com/kocnajezersko/,,46.395021,14.5009112
759388940,way,Murko,Francetova cesta,24,,+386 2 8838103,,,46.5166911,15.0840219
759967323,way,Hermine Wech Koroška perutnina,Ozare,23A,Slovenj Gradec,,,chicken,46.512643,15.073994
764572751,way,Gostilna Pizzerija Škorpjon,Rečica,1A,Ilirska Bistrica,+386 5 714 13 32,,,45.5734574,14.224666
764578008,way,Kocanija,Trpčane,41b,Ilirska Bistrica,+386 31 373 699,http://kocanija.si,,45.5278421,14.3178086
765781869,way,Mlinar,Žirovska cesta,4,Spodnja Idrija,+386 5 377 63 16,https://gostilnamlinar.si/en/predstavitev,,46.0276373,14.029585
773821659,way,Gostilna Nibi’s,,109,,+386 3 838 74 78; +386 1 755 35 09,https://gostilna-nibis.si,balkan;barbecue;grill,45.9839515,14.3147477
776784160,way,McDonalds,Ormoška cesta,3,Ptuj,,,burger,46.4189506,15.8772894
779169685,way,Gostilna in picerija Kralj,Liptovska ulica,9,Slovenske Konjice,+38659153233,,,46.3411706,15.4302599
781801909,way,Gostišče Krivograd,Poljana,10A,Prevalje,+386 2 8240690,,,46.5485701,14.8926587
798949048,way,Gostilnica pr' Mikiju,Prvomajska ulica,122,Solkan,+386 5 302 92 30,https://prmikiju.si/,regional;pizza,45.9659892,13.6409563
800972035,way,Kmetija Faganeli,,142,Miren,+38651338951:+38641585391,https://faganeli.si/;https://www.facebook.com/faganeli.si/,regional,45.8906777,13.6040406
803250206,way,Gostilna in Pizzerija Zvezda,Cesta IX. korpusa,65,Solkan,,,pizza;regional,45.9684968,13.6416677
804357837,way,Gostilna Štefan,Mali Slatnik,32,Novo mesto,+386 7 338 01 80,,,45.8085328,15.2051688
805985006,way,Okrepčevalnica Smučišče Rudno,,,,,,sandwich,46.237915,14.1676799
810719637,way,Okrepčevalnica Zanzibar,,,,,,,46.0503691,13.6107609
817328125,way,Gostilna Kregl,Gornje Brezovo,3,Sevnica,,,,46.0038417,15.3334516
817868134,way,Gostilna Plauštajner,,,,,,,46.0056422,15.3124342
817868137,way,Plus,Glavni trg,41A,Sevnica,,,pizza;burger;regional,46.0056172,15.312909
824296319,way,Okrepčevalnica pri Firštu,Cezlak,13,Oplotnica,,,,46.4173497,15.4387348
825086872,way,Gostišče Sovic,Čadram,72,Oplotnica,,,,46.3852325,15.4601582
825376213,way,Domačija Forbar,Malahorna,23,Oplotnica,+386 51 283 826,https://forbar.si/,regional,46.3743236,15.4361681
827615032,way,Turistična kmetija Pri Marku,,,,,,,46.1998311,14.307118
830095394,way,Madronič,Prelesje,11,Stari trg ob Kolpi,+3861843601,http://www.gostinstvo-madronic.si,regional,45.4898288,15.0594932
833519094,way,Vagon,Šentlenart,24,Mislinja,+386 2 88 55 219,http://www.vagongostinstvo.si/,pizza;burger;grill,46.4428114,15.1926814
833888205,way,Pizzeria Fiesa,,,,,,pizza,45.5243441,13.5803636
834876440,way,Gostilna Štupar,Dvor,96,Dvor,,,,45.8059435,14.9711301
835131195,way,Restavracija,,,,,,,45.7590835,15.0581183
835134110,way,Gostilna Samarin,Kočevje,10A,Črnomelj,,,"regional,pizza",45.5673527,15.1815076
835507186,way,Gostilna Špec,Dragovanja vas,30,Dragatuš,,,,45.5472698,15.1607499
837129810,way,Picerija Špajza,,,,,,regional;pizza,46.3372008,15.7378738
837150051,way,Gostilna Dolinca,Majšperk,94,Majšperk,,,,46.3427973,15.7359278
837453260,way,Okrepčevalnica ob Müri,,,,,,,46.5802435,16.2064192
837932131,way,Okrepčevalnica Gajser,Majšperk,23,Majšperk,+386 2 794 45 91,,,46.3520946,15.7355313
845659982,way,Izletniška kmetija Nebesa,Hom,23,Šentrupert,+386 31 301 008,,,45.9984508,15.0927237
851745291,way,Okrepčevalnica Flamingo,,34b,Volčja Draga,+386 5 99 82 059,,regional;pizza,45.8929635,13.6663606
855769822,way,OK Corral,,14b,Nova Gorica,+386 5 331 10 95,https://www.ok-corral.si/,pizza,45.9290004,13.6757669
862147979,way,PIZZERIJA ONA,Šmarska cesta,58,Škofljica,,,,45.9862414,14.5831997
863348468,way,Gostilna Pečnik,Gunte,8a,Krško,,,,45.9866047,15.465172
865272541,way,Na Razpokah,Nemilje,9,Zgornja Besnica,,,,46.260374,14.2250162
865614031,way,Restavracija Jožko,Gornji Dolič,59,Mislinja,,,,46.4243614,15.1875476
866410561,way,Pizzeria Mars,Brest,45,Ig,,,pizza;italian;grill,45.9694067,14.4913201
867704491,way,Ržen,Troblje,122,Slovenj Gradec,,,,46.5278977,15.0843633
869112478,way,Gostilna Slomškov dom,,,,,,regional,46.4497764,15.1859199
877156193,way,Kunst,Ulica mladinskih del. brigad,1,Leskovec pri Krškem,,,,45.9386306,15.48401
884144439,way,Pr' Lampi,Luče,34,Luče,+386 3 584 41 47,https://www.gostilna-lampa.si/,,46.3555743,14.744545
884144456,way,Raduha,Luče,67,Luče,+386 3 838 40 00;+ 386 31 64 57 58,https://raduha.com/,,46.3556331,14.7463879
888844029,way,Gostilna pri Mari,Novomeška cesta,87,Straža pri Novem mestu,,,,45.7992566,15.0898554
888864919,way,Rondo,Povhova ulica,12,Novo mesto,,,,45.8106127,15.1447102
891255350,way,Gostišče FLOSAR,Trg,15,Radeče,041496545,,,46.066907,15.1850774
892774688,way,Pizzeria MM,Brest,33a,Ig,,,pizza,45.9678254,14.4905117
897690077,way,Gostilna pri lipi,Mariborska cesta,12,Muta,,,,46.6116667,15.1693042
904373964,way,Domačija Mirko,,10,Miren,+38640220409,https://www.facebook.com/domacija.mirko,regional;italian,45.8434301,13.582873
904650730,way,TURISTIČNA KMETIJA AMUR,Bodkovci,47,Juršinci,+386 31 451 701,,regional,46.4946581,15.9984894
905869603,way,Gostilna Mngan,Breznikova cesta,2,Domžale,,,,46.1312276,14.6105517
928950254,way,Gostilna Sonja,Bistrica,11,Naklo,,,pizza,46.2882943,14.2869881
938123828,way,Gostilna Lipan,Hotavlje,5,Gorenja vas,+386 4 518 13 10,http://www.gostilna-lipan-filipic.si/,regional,46.1070925,14.1187779
949511743,way,Cool House,,,,,,,46.0387064,14.4797399
953569702,way,Brunarica Prekmurskih Dobrot Bukovniško Jezero,,,,,,coffee_shop;ice_cream;pizza,46.6695301,16.3385987
953917269,way,Gostilna pri Jarmu,Kropa,2,Kropa,,,,46.2924234,14.2062772
954620208,way,Gostilna Mlin,Kamna Gorica,2,Kamna Gorica,,,,46.3144909,14.1992958
955282504,way,Picerija Anja,,3c,Vipava,+386 5 3685 180,http://www.picerija-anja.si/,pizza;regional;coffee_shop,45.866775,13.9356428
955282627,way,Gostilna Pri Milanu na žagi,,,,,,,45.8695621,13.9417417
959556296,way,Okrepčevalnica Nace,Breznica pod Lubnikom,26,Škofja Loka,,,,46.1675843,14.2534331
963948905,way,Gostišče Veselič,Podzemelj,17,Gradac,+386 31 391 517,https://www.belakrajina.si/sl/okusite/gostilne-restavracije/gostisce-veselic/,local,45.6080743,15.2749292
964057138,way,Gostilna na Vidmu,Poljane nad Škofjo Loko,27,Poljane nad Škofjo Loko,,,,46.1207529,14.1858569
965421860,way,Bar pri Pavliču,Vinica,60,Vinica,,,,45.4626286,15.2552938
966348232,way,Stazione Parenzana,Seča,81,Portorož - Portorose,+386 820 07252,,regional;italian;local,45.4955436,13.612305
966584561,way,Gostilna pri Pavletu,Zbure,30,Šmarješke Toplice,,,,45.9081262,15.248554
966771291,way,Štajdohar,Kanižarica,41G,Črnomelj,,,,45.5559844,15.1692771
967218812,way,Gostilna Picerija Gera,Cesta bratstva in enotnosti,114,Metlika,,,,45.6418981,15.3201523
967256320,way,Gostilna Budački,Ulica belokranjskega odreda,14,Metlika,+386 41 779 202,,regional,45.6428575,15.3194171
970120630,way,Gostišče Grič,Šentjošt nad Horjulom,24d,Horjul,,https://gric.si/,regional,46.0284388,14.221405
973508638,way,Restavracija ODKLOP,Gortina,24,Muta,951424000,,regional;pizza,46.6067637,15.1049238
973935077,way,Okrepčevalnica VENI koper,Ulica 15. maja / Via XV maggio,27,Koper - Capodistria,+38656310033,http://www.fastfoodveni.com/,,45.5385508,13.7266077
974228121,way,Okrepčevalnica pri Amerikancu,Družinska vas,48A,Šmarješke Toplice,,,,45.8702073,15.2562106
980957156,way,Hotspot Bistro And Bar,,,,,https://hotspotbar.si/,burger;chicken;pizza,46.074485,14.5180728
985964748,way,Kitajska restavracija Sonce,Colnarjeva ulica,2,Ljubljana - Črnuče,+38641888255,,chinese,46.0890522,14.5819413
997659053,way,Bolk Bar,Hrenovice,41,Postojna,,,pizza,45.7729468,14.1416318
1011064384,way,Kamarin Bar&Grill,,,,,,,45.5353099,13.7325447
1014158696,way,Gostilna in pizzeria Jakomin,Cesta I. Istrske brigade,59,Pobegi,,,,45.5391471,13.7994192
1021220781,way,Brunarica,Dražgoše,75,Železniki,+386 4 514 68 35,https://www.facebook.com/brunarica.drazgose/,local,46.2526593,14.1638706
1034196659,way,Gostilna Mahorčič,Rodik,51,Kozina,+386 41 679 588;+386 56 800 400,https://www.rundictes.si/,regional,45.6247472,13.9801078
1034363154,way,Hermine Wech Koroška perutnina,Gačnikova pot,2,Ravne na Koroškem,,,chicken,46.5443317,14.9627098
1035582454,way,Gostišče in picerija Smuk,Retnje,40,Križe,,,,46.3309484,14.286263
1037222944,way,Pekinško mesto,,,,,,chinese,46.3586991,15.106491
1050837551,way,Turistična kmetija Hlebec,Kog,108,Kog,02 713 70 60,https://www.hlebec-kog.com/,,46.4594496,16.2436591
1052955684,way,Pri Belen Klopotci,Šprinc,17a,Razkrižje,,,,46.5079129,16.2614596
1052955755,way,Gostilna Marinka,Veščica,5,Razkrižje,,,,46.5201122,16.269158
1054129506,way,Slamca,Šmartinska cesta,182,Ljubljana,+38615410026,,,46.0744837,14.5637623
1056929911,way,Javornik,,,,,,fish,45.8829683,14.7806208
1062805825,way,Gostilna Pečolar,,,,+386 41 818 929,,,46.4500958,15.0077063
1063610234,way,Grebenšek,Bele Vode,2,Šoštanj,,,,46.4010818,14.9824884
1065307165,way,Hotel Benda,Loke pri Mozirju,33e,Mozirje,+386 3 839 37 00,,,46.3346072,14.9697558
1069995590,way,Gostilna Čater,Marija Gradec,34,Laško,+386 3 734 06 80,https://www.gostisce-cater.si/,,46.144694,15.242655
1073501922,way,Izletniška kmetija Vojak - Jakopič,,,,,,,46.5278625,14.8660248
1075836110,way,Izletniška kmetija Klemenšek,Logarska Dolina,29,Solčava,,,,46.425519,14.6360553
1075942612,way,Blatnikov hram,Dvor,9,Dvor,,,,45.8088157,14.9677341
1075962527,way,Gostilna pri Henriku,Loška vas,4,Dolenjske Toplice,,,,45.7667902,15.0258449
1076977280,way,gostišče Na Pajčni,Male Rebrce,6A,Zagradec,,http://www.napajcni-murn.si,,45.8564449,14.878565
1084391330,way,Gaj,Trg zbora odposlancev,32a,Kočevje,,,,45.6366623,14.8566895
1084711904,way,Gostilna Parizar,Trboje,39b,Kranj,,,regional,46.1956268,14.4106765
1085605219,way,Gostilna Račič,Gabrsko,1,Trbovlje,+386 3 563 43 40,https://www.facebook.com/GostilnaRacic/,,46.1684499,15.0518329
1085623381,way,Poletna restavracija,,,,,,burger;regional,46.4754742,13.7829942
1086526659,way,Gostišče Brbre,Turiška vas na Pohorju,1,Zgornja Ložnica,+386 2 818 31 40,https://gostisce-brbre.weebly.com/,regional,46.4121787,15.5128866
1088362930,way,Kevder,,,,,,,46.0233111,14.4177686
1088763241,way,Gostilna pri Marički,Srednja Dobrava,1A,Kropa,,,,46.3068382,14.2171185
1089810181,way,Gostišče Piškur,Želimlje,19,Škofljica,,,,45.9160118,14.5749242
1090224751,way,Gostilna Pograjski dom,Polhov Gradec,70,Polhov Gradec,01 323122,http://www.pograjskidom.si,,46.0715211,14.315294
1091068276,way,Lovska koča Javorč,Žirovski Vrh Sv. Urbana,33,Gorenja vas,,,regional,46.0698452,14.1435726
1092806639,way,Gostilna Pri Kajbitu,Zminec,5,Škofja Loka,04 512 67 00,http://www.kajbi.si/,,46.1541309,14.2906237
1092818889,way,Penzion Sinji vrh,,10a,Col,+386 31 836 813,https://www.sinji-vrh.si/,,45.9081028,13.9356581
1092819115,way,Meta in Bazilika,Snežniška ulica,1,Ljubljana,+386 1 425 40 45,http://metainbazilika.si/,italian,46.0471047,14.4973054
1092948340,way,Gostilna Hrovat,Ivenca,18,Vojnik,,,,46.3006745,15.3097125
1093192010,way,Pr Kisovc,Petkovec,46c,Rovte,+386 41 560 427,,,45.9661094,14.206134
1093243765,way,Gostilna Repolusk,Srednji Dolič,1,Mislinja,+386 2 885 56 55,,,46.4199651,15.215103
1095366736,way,Pizzeria Paparotti,Kamniška cesta,9a,Domžale,,https://marabela.si/paparotti-2/,pizza,46.1571491,14.5928688
1097096632,way,Pizzeria MC,Celjska cesta,3,Vojnik,,,,46.2989828,15.3020893
1097359192,way,Gostilna- Pizerija Parižlje,Parižlje,20,Braslovče,,,,46.2808587,15.058523
1104336253,way,Picerija Četara,Okonina,2,Ljubno ob Savinji,,,,46.3223074,14.869704
1106843876,way,Gorska Reka Restavracija&Prenočisča,Loška gora pri Zrečah,5A,Zreče,,https://gorska-reka-restavracija-prenocisca.business.site/,,46.3884818,15.374287
1106893473,way,Okrepčevalnica Vinski hram,Birčna vas,27,Novo mesto,,,,45.7530766,15.1469887
1110488513,way,Gostilna Juvan,Zgornji Hotič,31,Litija,+38618989520,,,46.0900977,14.8157255
1110521305,way,Gostilna Rezka,Vipavska cesta,132,Nova Gorica,,,,45.9438964,13.684817
1111848799,way,Pizzeria Rondo,Gabrijele,6,Krmelj,+386 78185190,,pizza,45.9769797,15.1731823
1115652874,way,Bistro Marof,Kettejev drevored,2,Novo mesto,,https://marof-bistro.si/,,45.8065794,15.1632621
1116547768,way,Kovač,Glavna cesta,1,Naklo,+386 4 257 89 55,,,46.2717048,14.3126609
1116547771,way,Marinšek,Glavna cesta,2,Naklo,,,,46.271279,14.3128023
1116861668,way,Martinova izba,Jagoče,5,Laško,,https://www.martinova-izba.com/,,46.16889,15.237738
1125027081,way,Trnovska hiša,Trnovo,39,Trnovo pri Gorici,,,pizza;regional,45.9726808,13.7409797
1130844445,way,Das Ist Valter,,,,,,,46.1666128,14.3149491
1133763308,way,Gostišče Volk,Plešivec,38,Velenje,,,regional,46.4088394,15.1043588
1135644626,way,Framski hram,Fram,53,,,,,46.4558538,15.6281861
1141870194,way,Gostilna Pauman,Pesniški Dvor,9,Pesnica pri Mariboru,,,,46.5955407,15.7037983
1148649642,way,Gostišče Maček,Šentgotard,22,Trojane,,,regional,46.1878491,14.9098892
1148651082,way,Gostilna Valerija,Cesta k Dravi,7,Spodnji Duplek,02 6840 280,,,46.500201,15.749076
1160823923,way,Pizzeria Afrika,Male Braslovče,13b,Braslovče,+386 3 705 90 25,,pizza,46.2990355,15.0410269
1165455131,way,Arzenškov hram,Gradiška,403,Zgornja Kungota,+386 2 655 08 67,,,46.6195183,15.6376649
1168773852,way,Pizzeria in restavracija Lili Ptuj,Mlinska cesta,7a,Ptuj,+386 31 542 664,https://pizzeria-lili.si/,pizza,46.4174529,15.8603314
1169674694,way,Zreški gaj,Cesta na Roglo,3A,Zreče,,,,46.3653671,15.3918352
1172668666,way,Pec,Spodnja Selnica,1,Selnica ob Dravi,,,,46.5527362,15.51636
1173176137,way,Bar pri Hanni,Stražišče,23,Prevalje,,,,46.5563583,14.9313651
1173694512,way,Metliški Hram,Tacenska cesta,52,Ljubljana,,,regional,46.1040328,14.462959
1181095983,way,Okrepčevalnica Gregor,Cesta v Rošpoh,94,Kamnica,+386 2 623 18 42,,,46.5810908,15.6158708
1188325587,way,Okrepčevalnica pri Jelki,Bezjakova ulica,6,Limbuš,+38626132850,https://okrepcevalnica-pri-jelki.business.site/?utm_source=gmb&utm_medium=referral,,46.5477203,15.5936608
1188614027,way,Gostišče Koren,,,,,,,45.8282415,14.9299277
1189561194,way,Pr' Jakču,Zadlaz-Čadrg,4,Tolmin,+386 51 438 949,,regional,46.2027966,13.7451472
1190319237,way,Prepih,Gornja Težka Voda,19,Stopiče,,,,45.759839,15.2014692
1190749865,way,Restavracija Grad,,,,,,,45.4596699,15.2558342
1195181767,way,Gostišče Firšt,Logarska Dolina,1a,Solčava,+386 3 839 46 78,https://www.first-logarska.si/,,46.4219853,14.6677352
1196061291,way,Okrepčevalnica Struge,Raduha,1,Luče,+386 31 351 859;+386 41 637 405,,regional,46.3655422,14.7728879
1197505386,way,Brunarica Krmiše,,,,+386 (0)41 753 534,https://brunarica-krmise.si,,46.4890465,13.8452011
1198938384,way,Dobenski hram,,,,,,,46.1384661,14.5279851
1199679243,way,Gostinstvo Ledenica,Loke,2,Ljubno ob Savinji,+386 40 799 913,,,46.3390782,14.8360623
1202265988,way,Dnevni bar Gričar,Andraž nad Polzelo,63,Polzela,+386 3 705 02 16,,regional,46.3256821,15.0893659
1204657397,way,Gostilna Mihelič,Škrabčev trg,22,Ribnica,018372545,https://gostilnamihelic.com/,regional,45.7383092,14.7281739
1204657402,way,Pr Cenetu pod Lipo,Škrabčev trg,12,Ribnica,030223344,https://pr-cenetu.si/,pizza,45.7381379,14.728985
1205148390,way,Karakter Bar,Ribčev Laz,,Bohinjsko jezero,,,,46.2776642,13.8873705
1206969555,way,Camino,Mala Pirešica,21,Petrovče,+386 41 677 000,https://camino-restaurant.si/en/,,46.2675923,15.1896293
1208451078,way,Pod Kostanji,Dobrna,25,Dobrna,,,burger;pizza;regional;barbecue,46.3360025,15.2263621
1209867029,way,Gostilna Lovski Dom,Lendavske Gorice / Lendvahegy,238A,Lendava / Lendva,+386 2 575 14 50,,,46.5567163,16.4619568
1212842585,way,Gostilna Adria,Glavni trg,13,Vipava,,,,45.844944,13.96261
1213691315,way,Gostilna Tratnik,Col,17,Col,,http://gostilnatratnik.si/,,45.8811224,13.9991287
1213926506,way,Na Hofu,Črnova,35a,Velenje,+386 59 178 277,http://nahofu.si/,,46.3473487,15.1440703
1215070277,way,"Okrepčevalnica pri Kocjan, Bojan Kastelic s.p.",Bič,10,Veliki Gaber,,,,45.9253634,14.8868908
1216623417,way,Gostilna Bogdan,Mladinska ulica,6,Odranci,+3862 570 11 70,,,46.5877048,16.2721976
1216623471,way,Dominko,Ravenska ulica,6,Odranci,,https://www.facebook.com/saso.dominko.1/,,46.5870872,16.2756568
1217508811,way,Gostilna Nataša Kavšek s.p.,Račje selo,25,Trebnje,+386 7 30 44 860,,,45.9242747,15.0013731
1220949304,way,Gostinske storitve Tatiana,Martjanci,58,Martjanci,,,,46.6826204,16.1939345
1222957928,way,Gostilna Tonček,Panonska ulica,27,Beltinci,+3862 542 22 90,,,46.6079853,16.2369444
1226704716,way,Kavarna in Gostilna pri Noni,Ulica padlih borcev,13,Tolmin,+386 599 58149,https://www.prinoni.com/,,46.1812013,13.7277593
1226784352,way,Picerija pri Jurku,Trg svobode,15A,Moravče,,https://pri-jurku.com/,,46.1359867,14.7434872
1227031703,way,Okrepčevalnica Rop,Homec,32,Rečica ob Savinji,+386 41 547 422,,,46.30901,14.8756134
1227450908,way,Gostina pri Slavi,Gančani,80A,Beltinci,+38625421212,https://www.facebook.com/GostilnaPriSlavi,regional,46.627619,16.2422209
1227618769,way,gostilna Frfrav,Krašce,1,Moravče,,,,46.137382,14.7182042
1230546878,way,Gostilna Prenočišča Ferlič,Spodnje Gorče,3,Braslovče,+386 31 875 052,,,46.28013,15.0366228
1230709941,way,Pri Lisjaku,Miklavž pri Taboru,11,Tabor,,,,46.2247073,15.0259342
1234932499,way,Gostilna Jager,Dolenja Dobrava,2b,Gorenja vas,+38645181253,http://gostilna-jager.si/,,46.1011387,14.1497099
1237524543,way,Pizzerija & Pub Mobi Dick,Črnivec,26,Brezje,+386 4 530 95 95,,pizza;pasta;sandwich;ice_cream,46.3309927,14.2212863
1237524611,way,Na Črniv'c,Črnivec,27A,Brezje,,,,46.3308629,14.2205915
1237726300,way,Gostilna pri Zotlarju,Buje,3,Vremski Britof,+386 5 76 21 020;+386 40 868 907,https://prizotlarju.si/,,45.6510201,14.086281
1240259707,way,Gostišče Karavla 297,Podljubelj,297,Tržič,,https://www.karavla297.si/gostisce/,regional,46.4297196,14.2701205
1240542951,way,Ledina - picerija,Smokuč,50,Žirovnica,,https://www.pizzeria-ledina.si/,,46.3865335,14.1701496
1241483142,way,OnThai,Jurčkova cesta,225,Ljubljana,+386 30 736 866,,thai,46.0199448,14.536042
1243030946,way,Bistro LEV,Spodnji Plavž,24C,Jesenice,,,,46.4402057,14.0272625
1245982587,way,Gostilna Veranda,Dovje,127c,Mojstrana,,,regional,46.4673529,13.9293766
1246125102,way,Štajerska hiša kulinarike d.o.o.,Gočova,38A,Sv. Trojica v Slovenskih goricah,,https://shk.si/,,46.5411986,15.8637904
1246471520,way,Gostilna Jožica,Zgornje Rute,51,Gozd Martuljek,,https://www.gostilna-jozica.si,regional;pizza,46.4841136,13.8319931
1247024295,way,Brunarica Kosobrin,Borovška cesta,113,Kranjska Gora,,https://www.kosobrin.eu/,regional,46.4892416,13.769433
1247463410,way,Hotel Lipa,Koroška ulica,14,Kranjska Gora,,https://www.hotel-lipa.si/,regional;pizza,46.4867951,13.7860958
1247463483,way,Mama Marija Restaurant,Koroška ulica,14C,Kranjska Gora,,,,46.487301,13.7874572
1248219184,way,Okrepčevalnica Lačni Kekec,Smerinje,11,Kranjska Gora,,https://www.facebook.com/OkrepcevalnicaLacniKekec/,burger;breakfast;chicken;coffee_shop;diner;grill;hot_dog;local;regional;tea,46.4834468,13.7806521
1248219206,way,Pizzeria Pino,Borovška cesta,75,Kranjska Gora,+386 41 204 408,https://www.hotel-kotnik.si/slo/pizzeria,pizza,46.4847315,13.786263
1248219431,way,Gostilna pri Martinu,Borovška cesta,61,Kranjska Gora,+386 45 820 300,https://gostilnaprimartinu.si/,regional,46.4854932,13.7880268
1248219498,way,Pinoalpino,Borovška cesta,83,Kranjska Gora,,,,46.4840452,13.7850174
1248770379,way,Gostilna Zelenci,Podkoren,75B,Kranjska Gora,,,,46.4942978,13.734384
1249002246,way,Gostilna Ponca,Rateče,97B,Rateče - Planica,,,,46.4968256,13.7062623
1249005014,way,Okrepčevalnica Lovski dom Podkum,Podkum,10,Podkum,,,regional;pizza,46.0701481,15.0386008
1249157674,way,Restavracija Mangrt (Pr Mêrtnə),Log pod Mangartom,57,Log pod Mangartom,,,,46.406202,13.6032734
1249180005,way,Brunarica,Log pod Mangartom,31,Log pod Mangartom,,,,46.4022905,13.5980098
1250247126,way,Redlin restavracija,Železniška ulica,40,Beltinci,+386 2 543 14 22,,,46.5975735,16.1863556
1251322851,way,Gostilna Pri Mostu,Žaga,138,Srpenica,,,regional;italian;pizza,46.310055,13.4798605
1251752439,way,PIZZERIA&GRILL KRAPEK,Hardek,34I,Ormož,+386 070 633 644,https://krapek.si/,pizza;burger;salad,46.4093865,16.1573334
1253019977,way,Gostilna Rajh,Soboška ulica,32,Murska Sobota,,https://www.rajh.si/,,46.6217354,16.1489768
1253593216,way,Gaj,Cesta v Loke,7,Mozirje,,,,46.3365233,14.9669465
1255073064,way,Okrepčevalnica Mežnar,Zgornji Tuhinj,29,Laze v Tuhinju,,,,46.2266559,14.769469
1256330481,way,Oaza,Mlajtinci,39,Moravske Toplice,,,regional,46.6732256,16.2309704
1256949221,way,Pizzerija Cipot,,,,+386 2 548 13 27,,,46.6813285,16.2399119
1264105115,way,Gostilna Meh,Završe,47,Mislinja,+386 31 521 501,,,46.4272171,15.1480916
1271643931,way,Gostilna Gaj,Tišinska ulica,29a,Murska Sobota,+3862522 14 66,,,46.6508677,16.1435434
1272380000,way,Sweet English House,Cesta Ste Marie aux Mines,15,Tržič,,,,46.3541737,14.2923502
1272468746,way,Gostilna in picerija Kozuc,,,,,,,46.359658,14.3012501
1274358381,way,Gostilna Kozel,Žiberci,37,Apače,,,,46.6956828,15.8559641
1275083126,way,Restavracija Tabor,Podbrezje,246,Naklo,,,,46.3098727,14.2751212
1275083147,way,Ribnik Žeje,Podbrezje,4a,Naklo,,,fish;seafood,46.291824,14.2870448
1275404543,way,Hiša Franko,Staro selo,1,Kobarid,+38653894120,,regional,46.2472099,13.5377737
1277784785,way,Gostilna Dermota grill,Ulica Ivana Gradnika,24,Deskle,00386 41 390 481,,balkan,46.0308196,13.5983463
1277797209,way,Štanfel,Podsabotin,5,Kojsko,+386 5 3046252,https://www.stanfel.si/,regional,46.0049103,13.5959958
1278419981,way,Črna Ovca,Ledina,10,Bovec,+386 70 303 090,,pizza,46.3362949,13.5554471
1278419986,way,Martinov hram,Trg golobarskih žrtev,27,,,,,46.3385657,13.5536038
1278420129,way,Martinov hram,Trg golobarskih žrtev,27,Bovec,,,,46.3384018,13.5534542
1279005184,way,Taverna Petra,Poljanska cesta,104,Gorenja vas,+386 4 518 13 68,https://www.taverna-petra.si/,,46.1066259,14.1306133
1279019959,way,Gostilna Termika,Ozeljan,6a,Šempas,+386 53 088 557;+386 31 894 694,https://gostilna-termika.si/,regional,45.9420012,13.71772
1279078509,way,Gostilna Pri Jurču,Blejska Dobrava,117A,Blejska Dobrava,,,,46.4081669,14.101895
1279281508,way,Bar Jurček,Rebr,29,Bled,,,pizza,46.3944821,14.1071619
1279391219,way,Gostišče Osvald,Selo pri Žirovnici,17,Žirovnica,,,,46.399266,14.1427475
1279391298,way,Picerija Tenis,Selo pri Žirovnici,32b,Žirovnica,,,,46.3996834,14.1448346
1280257940,way,"Gostilna ""Pri Bajdu""",Senično,8,Križe,,,regional,46.3316186,14.3176467
1280690215,way,Gostilna Hrvatin,Spodnje Škofije,34,Škofije,,,,45.5668093,13.7867451
1280690239,way,Restavracja Valmarin,,,,,https://www.mangiareinslovenia.eu/valmarin.php,,45.5649866,13.7816453
1280692352,way,Gostilna Hrvatin,Elerji,34,Škofije,,,regional,45.57991,13.7794274
1280933142,way,Gostilna Bovavc,Strahinj,16,Naklo,,,,46.2836707,14.3126342
1281348673,way,Bolero,Glavna cesta,43,Naklo,+386 4 25 75 900,https://www.restavracija-bolero.si,pizza,46.2734425,14.3176823
1281348743,way,Kresnik gostilnica,Kranjska cesta,2A,Naklo,+386 4 271 1180,http://kresnik-naklo.com/,regional,46.2708353,14.3133894
1282145887,way,"GOSTILNA PR ' JAZBCU, VIKTOR OBLAK S.P.",Zgornja Besnica,Dvor 2,Zgornja Besnica,+38642503351,https://www.facebook.com/Gostilna-PrJazbcu-800912920000279/,,46.260999,14.2824276
1282923018,way,Turistična kmetija Breg,Breg pri Golem Brdu,3,Dobrovo,,,regional,46.0495954,13.4982982
1283676569,way,Pivovarna Gostilna Mahnič,Kolodvorska ulica,4,Kozina,+386 5 6800 100,https://www.mahnic.si,regional,45.6046322,13.9339247
1283676626,way,Picerija in oštarija Tonca,Bazoviška cesta,20,Kozina,,,regional,45.608809,13.93283
1284489764,way,Gostilna Pri Bizjaku,Zgornja Bela,20,Preddvor,,,regional,46.2990542,14.4000181
1284622651,way,Gostišče Jelka,Hočko Pohorje,39,Pohorje,+38626032531,,regional,46.5022896,15.5685357
1284917165,way,Belvin,Plešivo,38,Dobrovo v Brdih,,,,45.9823497,13.5090459
1285444079,way,Restavracija in Picerija Anja,Zgornje Hoče,58a,Hoče,+38626181028,,,46.4901495,15.6164322
1285688104,way,Brunarica Štern,Cesta na Rupo,16,Kranj,+3864 236 11 11,,,46.2644354,14.3572119
1286532741,way,Kitajska restavracija Azija,Gosposvetska ulica,1,Kranj,,,chinese,46.2461192,14.353048
1286650597,way,Pizzerija Ema,Srednja vas v Bohinju,73,Srednja vas v Bohinju,,,,46.2956355,13.9315966
1286650855,way,Rupa,Srednja vas v Bohinju,87,Srednja vas v Bohinju,,https://gostilna-rupa.si/,,46.295643,13.9327037
1286817153,way,Pri Zalogarju,Dolenja vas,1a,Selca,+38645005000,,,46.209957,14.2237544
1287214465,way,Taverna Rovn,Selca,162,Selca,+38645147776,https://taverna-rovn.si,,46.2220151,14.1928992
1287673089,way,Penzion Resje,Nemški Rovt,21a,Bohinjska Bistrica,+386 4 5721079,http://www.penzion-resje.si/,,46.2725588,13.9819652
1288663435,way,Gala,Hraška cesta,13,Lesce,,,,46.3681961,14.1532194
1288663807,way,Kležn'k,Begunjska cesta,10,Lesce,+386 59 931 154,https://kleznk.bagi.si/,,46.3614905,14.1714677
1289551847,way,Gostilna Lectar,Linhartov trg,2,,04 537 48 00,,,46.3408802,14.175486
1289551955,way,Gostilna Kunstelj,Gorenjska cesta,9,Radovljica,+3864 531 51 78,,regional,46.3415329,14.1731678
1290109152,way,Gostilna Vintgar,Podhom,62,Zgornje Gorje,,https://www.gostilna-vintgar.si/,,46.3909799,14.0838681
1290385916,way,Pr' Psnak,Zgornja Radovna,18,Mojstrana,,,regional,46.4319257,13.9405828
1290922926,way,Gostilna Batišt,Bohinjska Bela,128,Bohinjska Bela,+386 4 572 01 00,https://www.pension-batist.com/,,46.3375674,14.0598947
1293785541,way,Gorski Privez,Dvorski trg,1,Preddvor,,,pizza,46.302364,14.4223038
1294781605,way,Gostilna Danica,Preloge,14b,Zgornja Ložnica,,,regional,46.3656034,15.4999189
1297715978,way,Gostišče Češnar,Slovenska cesta,39,Cerklje na Gorenjskem,+386 4 252 91 30,,,46.2489959,14.4857933
1298716968,way,Gostilna pri Anzelnu,Bukovica pri Vodicah,1,Vodice,,,regional,46.1732346,14.5087152
1299136371,way,Gostilna Hober,Breznica,31,Prevalje,+386 2 82 40 153,https://www.hober.si,regional,46.5532515,14.8896825
1299690830,way,Gostilna pri Zajcu,Lahovče,9,Cerklje na Gorenjskem,,,regional,46.2156054,14.504795
1299690965,way,Gostilna - prenočišča Ambrož,Lahovče,90,Cerklje na Gorenjskem,,,,46.2184064,14.5017059
1299691113,way,Pizzeria Botana,Lahovče,11,Cerklje na Gorenjskem,,,pizza,46.2151931,14.5056466
1301123861,way,Mumu Sushi bar,,,,,,,46.0223673,14.5382602
1301123862,way,Vino & Ribe,,,,041355255,,,46.0221776,14.5382955
1301123863,way,Chuty's,,,,014440420,https://www.chutys.com/,thai,46.0221531,14.5382368
1301123864,way,CHILI & LIMES,,,,014440421,https://www.chiliandlimes.com/,mexican,46.0221295,14.5381783
1301123865,way,BITE ME,,,,040706511,,korean,46.0220999,14.5381075
1301977998,way,Jamarski dom (Koča pri Francetovi jami),Zapuže pri Ribnici,10,Ribnica,,,,45.7582476,14.7416659
1302323786,way,Punkt Kotlje,Kotlje,3B,,+386 820 53177,https://punktkotlje.si,pizza;burger;barbecue;american,46.5216877,14.9858445
1313248854,way,Gostilna Rojc,,,,,,regional,45.7917344,14.9479312
1314825902,way,Gostišče Jutriša,Ceste,80,Rogatec,,,,46.2231611,15.7233565
1315774170,way,Restavracija Tina,Lončarska ulica,62,"Dolenja vas, Ribnica",01 836 15 30,,regional,45.7082122,14.7544271
1316185356,way,Okrepčevalnica Zelena dolina,,,,+386 2 761 00 26,https://www.zelenadolina.eu,fast_food,46.2742193,15.6921764
1329808910,way,Okrepčevalnica Palaska,Nova vas pri Markovcih,2,Markovci,+3867660631,,pizza;regional,46.3878878,15.9289076
1331697400,way,Pri Mački,Velike Brusnice,2,Brusnice,,,,45.8125247,15.2574161
1331725153,way,Dolina Winettu,Zgornja Sveča,17B,Stoperce,,,fish,46.3101691,15.7200128
1331725154,way,Dolina Winettu,,,,,https://www.turizem.haloze.org/2015/09/dolina-winettu.html,fish,46.3100068,15.7197226
1332873501,way,Restavracija Balkovec,Mali Nerajec,3,Dragatuš,+38607 305 76 32,,regional;pizza,45.5020271,15.1898453
1336014575,way,Gostilna Pri Olgi,Škarnice,3,Dobje pri Planini,,,regional,46.137511,15.3884839
1338860292,way,TheCave,Turopolje,6,Šentjernej,+386 41 571 663,,burger;pizza,45.8461291,15.3427687
1345266220,way,Gostilna Rajh,Draženci,96,Hajdina,+38627811351,,,46.3864926,15.8478386
1345284650,way,Okrepčevalnica Atila,Cesta v Njiverce,1a,Kidričevo,,,,46.404939,15.7994246
1345414921,way,Sibon Wine & Spa Resort,Jeruzalem,18,Ivanjkovci,,https://sibon.si,,46.4725217,16.1889313
1347531543,way,Gostišče pri Tonetu,Zadružni trg,13,Ptuj,,https://www.gostisce-svensek.si/,,46.4165228,15.8650954
1347572157,way,Gostilna Beno,Starše,90a,Starše,"+38626882301,+38641387163",https://www.gostilna-beno.si/,pizza;regional,46.4667419,15.7654847
1348508985,way,okrepčevalnica Pri Zlatki,Korovci,26,Cankova,+3862540 10 30,,,46.7291051,16.0034766
1348587774,way,izletniška kmetija Kozelinovi,Gerlinci,130,Cankova,+3862 540 12 37,,regional,46.7543787,16.0064696
1349146821,way,Vinotoč Stesl,Fikšinci,17,Rogašovci,,,regional,46.7899537,16.0030834
1349240713,way,Pizzerija Hram Gorjan,Gora pri Komendi,,Komenda,+386 1 834 36 66,https://www.gorjan.com/,pizza;regional,46.2073484,14.5509654
1350137864,way,Gostilna Mencigar,Krajna,58,Tišina,+3862 546 20 36,,,46.6883072,16.0488268
1350632103,way,Gostilna Nada,Šratovci,6,Radenci,+3862 565 13 23,,,46.6529283,16.0240987
1350632108,way,Gostilna Klobasa,Šratovci,8,Radenci,+3862 565 13 27,,,46.6522867,16.0234431
1350834080,way,Gostilna Adanič,Mele,27a,Radenci,+386 2 5621178,,,46.6591893,16.0178173
1351221337,way,Restavracija Šmid,Partizanska cesta,42,Gornja Radgona,+386 2 5611220,http://wwwrestavracija-smid.com,regional,46.6728754,15.9937069
1351905709,way,Pizzerija & Špageterija Casa del Nonno,Panonska ulica,10,Gornja Radgona,+386 59 143946,https://casadelnonno.si/,,46.6789972,15.9919474
1353737564,way,Gostilna Ajda,Ptujska Cesta,14,Gornja Radgona,,,,46.6364916,15.9943547
1353737595,way,"Gostilna, picerija in pivovarna Kostanj",Ptujska Cesta,46,Gornja Radgona,+386 2 562 1370,https://kostanj-znuderl.si/,regional;pizza,46.6375374,15.9992437
1356615121,way,Gostilna DULAR,,20,Kostanjek,+38674778695,,,46.0098608,15.5415534
1356615122,way,ETNOART Daniel Špiler,,18,Kostanjek,,,,46.0102631,15.5438694
1358006320,way,Turistična kmetija Hari,Spodnja Ščavnica,42,Gornja Radgona,+38625648346,,,46.6508077,15.9363844
1358344898,way,Bistro Piccolo,Boračeva,46,Radenci,+3862 565 10 90,,regional,46.6404916,16.0232766
1358660331,way,Gostilna Šenekar,Spodnji Ivanjci,9a,Spodnji Ivanjci,+3862560 11 27,,regional,46.5957071,15.9814386
1360099462,way,Ploj,Smolinci,88,Cerkvenjak,+3862 703 42 93,,,46.5470871,15.9736759
1363119394,way,Hiša kulinarike Freising,Sv. Duh,140,Škofja Loka,+ 386 4 513 23 25,https://hisakulinarikefreising.si/,,46.1844305,14.3224837
1370361021,way,Restavracija Grahor,Dane pri Sežani,9a,Sežana,,https://www.hotelgrahor.com/,,45.7158546,13.8837496
1372481863,way,pri Kebru,Ljubljanska cesta,112,Domžale,+386 (0)1 724 15 09,https://gostilna-keber.si/,,46.1429741,14.5970936
1376174580,way,Okrepčevalnica pri lovcu,Cerovec pri Črešnjevcu,1b,Semič,+386 40 821 963,https://enter-point.com/listing/domace-jedi-organizirane-skupine-okrepcevalnica-pri-lovcu-pri-cipanu-dolenjska/,,45.6543791,15.2412929
1425578836,way,Šporn,Cesta Radomeljske čete,1,Radomlje,,,,46.172803,14.6103292
1429588171,way,Hong Kong 2,Moste,56c,Komenda,,,chinese,46.1933353,14.5447808
1432628256,way,Naša kuhinja,,,,,,turkish,46.0731671,14.4858544
1433437203,way,Picerija Napoli,Sadnikarjeva ulica,6,Kamnik,,,pizza,46.2240498,14.6108062
1434843644,way,Marin Miler,šentanel,8,Prevalje,,https://www.marin-miler.si/,,46.5725159,14.8762776
1435271916,way,Rus dvorec,Štajerska cesta,11,Lukovica,,https://www.facebook.com/Dvorec-Rus-143196195715512/,,46.1630911,14.6770782
1435385399,way,Tur. & eko kmetija Pri Baronu,Planica,6,Fram,,,,46.4679974,15.5835768
1436154954,way,"Gostilna pik, gostinsko, storitveno in trgovsko podjetje, d.o.o.",Lokovica,31,Kralj,,,,46.5594336,14.8485457
1443193094,way,Pizzeria&Okrepčevalnica pri Cimeštru,,,,,https://www.cimester.si/about-1,pizza,46.7927493,16.1214334
1446318431,way,Gostilnica Izba,Snovik,2c,Laze v Tuhinju,,,regional,46.2340176,14.7114874
1446322130,way,Gostilna pri Čibru,Potok,9,Laze v Tuhinju,+386 1 8392718,https://m.facebook.com/pg/Gostilna-pri-%C4%8Cibru-110483862304767/about/?ref=page_internal&mt_nav=0,,46.2186064,14.6996879
1446780696,way,Pri gamsu,Stahovica,31,Stahovica,"+386 1 832 55 88, e",,regional,46.2834276,14.6157685
1448266324,way,Cucina,,,,,,,46.0854078,14.4770132
1450073923,way,Gostilna Pirc,Žiška cesta,12,Radomlje,,,regional,46.1803001,14.6325157
1454928183,way,Gostišče Križnič,,,,,,,46.0851053,13.6341945
1459497474,way,Gadova peč,Podbočje,11,Podbočje,,,regional;fish_and_chips,45.8639004,15.4665126
1459497607,way,Turistična kmetija Hribar,,,,,,,45.861584,15.4715852
1465812416,way,Gostilna Prah,,,,,,,45.8910381,15.57389
1468748701,way,Gostilna Špolar,,,,,,,45.8677283,15.09521
1470239339,way,Gostilna Berdajs,Sava,38,Sava,(01) 897 48 70,,,46.0889133,14.8943339
1472440936,way,Pizzeria Valentina,Selska cesta,15b,Dobova,+386 7 452 29 88,,pizza,45.8980278,15.6545066
1473292735,way,Marjeta,Prežganje,6,Ljubljana,,,,46.0246999,14.7290471
1478811755,way,Krtina D'Ampezzo,Senožeti,90,Dol pri Ljubljani,+386 51 630 631,,italian,46.0886991,14.7149545
1488772137,way,Das ist Walter,Cesta 1. maja,1a,Kranj,+38659065181,https://dasistwalter.eu/,serbian,46.2385323,14.3580146
1492844967,way,Arvaj,Kajuhova ulica,2,Kranj,,,,46.2470067,14.3623725
1493075379,way,Gostilna Balek,,,,,,,46.4644421,15.0237614
1493134142,way,Restavracija STARA PRAVDA,Partizanska cesta,17,Kranj,,https://www.western.si/,,46.2478907,14.3615866
1503414098,way,Chianti,,,,,,,46.0776994,14.4828118
1503414099,way,Han,,,,,,chinese,46.0778788,14.4828454
1503414100,way,Imperio Mexicano,,,,,,mexican,46.0779093,14.4830785
1503414103,way,Chuty's,,,,,https://aleja.si/en/shops/chutys,asian,46.0775558,14.4833171
4520099,relation,Gostišče Trojane,Trojane,11,Trojane,+386 1 723 36 00,https://www.gp-trojane.si/,gastronomic,46.1880769,14.8837149
4814452,relation,"Polževo gostinstvo, turizem, d.o.o.",,,,,,,45.9244191,14.7552615
7397336,relation,Restavracija Interspar,,,,,,,45.9544193,13.654541
14481435,relation,El restaurante de Poncho,Rogozniška cesta,20,Ptuj,+386 (0)2 780 62 90,https://www.deponcho.si/,mexican;pizza,46.423963,15.8832996
